Time,CCL Reduced Due To J1772,Pack Charge Current Limit (CCL),Pack Charge Current Limit (CCL) kW,Pack Amperage (Current),Pack kW,Pack Voltage,J1772 AC Amp Limit,J1772 AC Power Limit,J1772 AC Voltage (0v = N/A)
Thu Nov 5 15:09:20 GMT 2020,0.000000,136.000000,43.500000,6.100000,-1.500000,296.700000,80.000000,18400.000000,0.000000
Thu Nov 5 15:09:20 GMT 2020,0.000000,136.000000,43.500000,6.100000,-1.500000,296.700000,80.000000,18400.000000,0.000000
Thu Nov 5 15:09:20 GMT 2020,0.000000,136.000000,43.500000,6.100000,-1.500000,296.700000,80.000000,18400.000000,0.000000
Thu Nov 5 15:09:20 GMT 2020,0.000000,136.000000,43.500000,6.100000,-1.500000,296.700000,80.000000,18400.000000,0.000000
Thu Nov 5 15:09:20 GMT 2020,0.000000,136.000000,43.500000,6.100000,-1.500000,296.700000,80.000000,18400.000000,0.000000
Thu Nov 5 15:09:20 GMT 2020,0.000000,136.000000,43.500000,6.100000,-1.500000,296.700000,80.000000,18400.000000,0.000000
Thu Nov 5 15:09:20 GMT 2020,0.000000,136.000000,43.500000,6.100000,-1.500000,296.700000,80.000000,18400.000000,0.000000
Thu Nov 5 15:09:21 GMT 2020,0.000000,136.000000,43.500000,6.100000,-1.500000,296.700000,80.000000,18400.000000,0.000000
Thu Nov 5 15:09:21 GMT 2020,0.000000,136.000000,43.500000,6.100000,-1.500000,296.700000,80.000000,18400.000000,0.000000
Thu Nov 5 15:09:21 GMT 2020,0.000000,136.000000,43.500000,6.100000,-1.500000,296.700000,80.000000,18400.000000,0.000000
Thu Nov 5 15:09:21 GMT 2020,0.000000,136.000000,43.500000,6.100000,-1.500000,296.700000,80.000000,18400.000000,0.000000
Thu Nov 5 15:09:21 GMT 2020,0.000000,136.000000,43.500000,6.100000,-1.500000,296.700000,80.000000,18400.000000,0.000000
Thu Nov 5 15:09:21 GMT 2020,0.000000,136.000000,43.500000,6.100000,-1.500000,296.700000,80.000000,18400.000000,0.000000
Thu Nov 5 15:09:21 GMT 2020,0.000000,136.000000,43.500000,6.100000,-1.500000,296.700000,80.000000,18400.000000,0.000000
Thu Nov 5 15:09:21 GMT 2020,0.000000,136.000000,43.500000,6.100000,-1.500000,296.700000,80.000000,18400.000000,0.000000
Thu Nov 5 15:09:21 GMT 2020,0.000000,136.000000,43.500000,6.100000,-1.500000,296.700000,80.000000,18400.000000,0.000000
Thu Nov 5 15:09:21 GMT 2020,0.000000,136.000000,43.500000,6.100000,-1.500000,296.700000,80.000000,18400.000000,0.000000
Thu Nov 5 15:09:22 GMT 2020,0.000000,136.000000,43.500000,6.100000,-1.500000,296.700000,80.000000,18400.000000,0.000000
Thu Nov 5 15:09:22 GMT 2020,0.000000,136.000000,43.500000,6.100000,-1.500000,296.700000,80.000000,18400.000000,0.000000
Thu Nov 5 15:09:22 GMT 2020,0.000000,136.000000,43.500000,6.100000,-1.500000,296.700000,80.000000,18400.000000,0.000000
Thu Nov 5 15:09:22 GMT 2020,0.000000,136.000000,43.500000,6.100000,-1.500000,296.700000,80.000000,18400.000000,0.000000
Thu Nov 5 15:09:22 GMT 2020,0.000000,136.000000,43.500000,6.100000,-1.500000,296.700000,80.000000,18400.000000,0.000000
Thu Nov 5 15:09:22 GMT 2020,0.000000,136.000000,43.500000,6.100000,-1.500000,296.700000,80.000000,18400.000000,0.000000
Thu Nov 5 15:09:22 GMT 2020,0.000000,149.000000,48.000000,6.100000,-1.200000,296.700000,80.000000,18400.000000,0.000000
Thu Nov 5 15:09:22 GMT 2020,0.000000,149.000000,48.000000,6.100000,-1.200000,296.700000,80.000000,18400.000000,0.000000
Thu Nov 5 15:09:22 GMT 2020,0.000000,149.000000,48.000000,6.100000,-1.200000,296.700000,80.000000,18400.000000,0.000000
Thu Nov 5 15:09:22 GMT 2020,0.000000,149.000000,48.000000,6.100000,-1.500000,296.700000,80.000000,18400.000000,0.000000
Thu Nov 5 15:09:23 GMT 2020,0.000000,136.000000,43.500000,6.100000,-1.500000,296.700000,80.000000,18400.000000,0.000000
Thu Nov 5 15:09:23 GMT 2020,0.000000,136.000000,43.500000,6.100000,-1.500000,296.700000,80.000000,18400.000000,0.000000
Thu Nov 5 15:09:23 GMT 2020,0.000000,136.000000,43.500000,6.100000,-1.500000,296.700000,80.000000,18400.000000,0.000000
Thu Nov 5 15:09:23 GMT 2020,0.000000,136.000000,43.500000,6.100000,-1.500000,296.700000,80.000000,18400.000000,0.000000
Thu Nov 5 15:09:23 GMT 2020,0.000000,136.000000,43.500000,6.100000,-1.500000,296.700000,80.000000,18400.000000,0.000000
Thu Nov 5 15:09:23 GMT 2020,0.000000,136.000000,43.500000,6.100000,-1.500000,296.700000,80.000000,18400.000000,0.000000
Thu Nov 5 15:09:23 GMT 2020,0.000000,136.000000,43.500000,6.100000,-1.500000,296.700000,80.000000,18400.000000,0.000000
Thu Nov 5 15:09:23 GMT 2020,0.000000,136.000000,43.500000,6.100000,-1.500000,296.700000,80.000000,18400.000000,0.000000
Thu Nov 5 15:09:23 GMT 2020,0.000000,136.000000,43.500000,6.100000,-1.500000,296.700000,80.000000,18400.000000,0.000000
Thu Nov 5 15:09:23 GMT 2020,0.000000,136.000000,43.500000,6.100000,-1.500000,296.700000,80.000000,18400.000000,0.000000
Thu Nov 5 15:09:24 GMT 2020,0.000000,136.000000,43.500000,6.100000,-1.500000,296.700000,80.000000,18400.000000,0.000000
Thu Nov 5 15:09:24 GMT 2020,0.000000,136.000000,43.500000,6.200000,-1.200000,296.700000,80.000000,18400.000000,0.000000
Thu Nov 5 15:09:24 GMT 2020,0.000000,136.000000,43.500000,6.200000,-1.200000,296.700000,80.000000,18400.000000,0.000000
Thu Nov 5 15:09:24 GMT 2020,0.000000,136.000000,43.500000,6.100000,-1.500000,296.700000,80.000000,18400.000000,0.000000
Thu Nov 5 15:09:24 GMT 2020,0.000000,136.000000,43.500000,6.100000,-1.500000,296.700000,80.000000,18400.000000,0.000000
Thu Nov 5 15:09:24 GMT 2020,0.000000,136.000000,43.500000,6.200000,-1.500000,296.700000,80.000000,18400.000000,0.000000
Thu Nov 5 15:09:24 GMT 2020,0.000000,136.000000,43.500000,6.200000,-1.500000,296.700000,80.000000,18400.000000,0.000000
Thu Nov 5 15:09:24 GMT 2020,0.000000,136.000000,43.500000,6.200000,-1.500000,296.700000,80.000000,18400.000000,0.000000
Thu Nov 5 15:09:24 GMT 2020,0.000000,136.000000,43.500000,6.200000,-1.500000,296.700000,80.000000,18400.000000,0.000000
Thu Nov 5 15:09:24 GMT 2020,0.000000,136.000000,43.500000,6.200000,-1.500000,296.700000,80.000000,18400.000000,0.000000
Thu Nov 5 15:09:25 GMT 2020,0.000000,136.000000,43.500000,6.200000,-1.500000,296.700000,80.000000,18400.000000,0.000000
Thu Nov 5 15:09:25 GMT 2020,0.000000,136.000000,43.500000,6.200000,-1.500000,296.700000,80.000000,18400.000000,0.000000
Thu Nov 5 15:09:25 GMT 2020,0.000000,136.000000,43.500000,6.200000,-1.500000,296.700000,80.000000,18400.000000,0.000000
Thu Nov 5 15:09:25 GMT 2020,0.000000,136.000000,43.500000,6.200000,-1.500000,296.700000,80.000000,18400.000000,0.000000
Thu Nov 5 15:09:25 GMT 2020,0.000000,136.000000,43.500000,6.200000,-1.500000,296.700000,80.000000,18400.000000,0.000000
Thu Nov 5 15:09:25 GMT 2020,0.000000,136.000000,43.500000,6.200000,-1.500000,296.700000,80.000000,18400.000000,0.000000
Thu Nov 5 15:09:25 GMT 2020,0.000000,136.000000,43.500000,6.200000,-1.500000,296.700000,80.000000,18400.000000,0.000000
Thu Nov 5 15:09:25 GMT 2020,0.000000,136.000000,43.500000,6.200000,-1.500000,296.700000,80.000000,18400.000000,0.000000
Thu Nov 5 15:09:25 GMT 2020,0.000000,136.000000,43.500000,6.200000,-1.500000,296.700000,80.000000,18400.000000,0.000000
Thu Nov 5 15:09:25 GMT 2020,0.000000,136.000000,43.500000,6.200000,-1.500000,296.700000,80.000000,18400.000000,0.000000
Thu Nov 5 15:09:26 GMT 2020,0.000000,136.000000,43.500000,6.200000,-1.500000,296.700000,80.000000,18400.000000,0.000000
Thu Nov 5 15:09:26 GMT 2020,0.000000,136.000000,43.500000,6.200000,-1.500000,296.700000,80.000000,18400.000000,0.000000
Thu Nov 5 15:09:26 GMT 2020,0.000000,136.000000,43.500000,6.200000,-1.500000,296.700000,80.000000,18400.000000,0.000000
Thu Nov 5 15:09:26 GMT 2020,0.000000,136.000000,43.500000,6.200000,-1.500000,296.700000,80.000000,18400.000000,0.000000
Thu Nov 5 15:09:26 GMT 2020,0.000000,136.000000,43.500000,6.200000,-1.500000,296.700000,80.000000,18400.000000,0.000000
Thu Nov 5 15:09:26 GMT 2020,0.000000,136.000000,43.500000,6.200000,-1.500000,296.700000,80.000000,18400.000000,0.000000
Thu Nov 5 15:09:26 GMT 2020,0.000000,136.000000,43.500000,6.200000,-1.500000,296.700000,80.000000,18400.000000,0.000000
Thu Nov 5 15:09:26 GMT 2020,0.000000,136.000000,43.500000,6.200000,-1.500000,296.700000,80.000000,18400.000000,0.000000
Thu Nov 5 15:09:26 GMT 2020,0.000000,136.000000,43.500000,6.200000,-1.500000,296.700000,80.000000,18400.000000,0.000000
Thu Nov 5 15:09:26 GMT 2020,0.000000,136.000000,43.500000,6.200000,-1.500000,296.700000,80.000000,18400.000000,0.000000
Thu Nov 5 15:09:27 GMT 2020,0.000000,136.000000,43.500000,6.200000,-1.500000,296.700000,80.000000,18400.000000,0.000000
Thu Nov 5 15:09:27 GMT 2020,0.000000,136.000000,43.500000,6.100000,-1.500000,296.700000,80.000000,18400.000000,0.000000
Thu Nov 5 15:09:27 GMT 2020,0.000000,136.000000,43.500000,6.100000,-1.500000,296.700000,80.000000,18400.000000,0.000000
Thu Nov 5 15:09:27 GMT 2020,0.000000,136.000000,43.500000,6.200000,-1.200000,296.700000,80.000000,18400.000000,0.000000
Thu Nov 5 15:09:27 GMT 2020,0.000000,136.000000,43.500000,6.200000,-1.200000,296.700000,80.000000,18400.000000,0.000000
Thu Nov 5 15:09:27 GMT 2020,0.000000,136.000000,43.500000,6.100000,-1.200000,296.700000,80.000000,18400.000000,0.000000
Thu Nov 5 15:09:27 GMT 2020,0.000000,136.000000,43.500000,6.100000,-1.200000,296.700000,80.000000,18400.000000,0.000000
Thu Nov 5 15:09:27 GMT 2020,0.000000,136.000000,43.500000,6.200000,-1.200000,296.700000,80.000000,18400.000000,0.000000
Thu Nov 5 15:09:27 GMT 2020,0.000000,136.000000,43.500000,6.200000,-1.200000,296.700000,80.000000,18400.000000,0.000000
Thu Nov 5 15:09:28 GMT 2020,0.000000,136.000000,43.500000,6.200000,-1.200000,296.700000,80.000000,18400.000000,0.000000
Thu Nov 5 15:09:28 GMT 2020,0.000000,136.000000,43.500000,6.200000,-1.500000,296.700000,80.000000,18400.000000,0.000000
Thu Nov 5 15:09:28 GMT 2020,0.000000,136.000000,43.500000,6.200000,-1.500000,296.700000,80.000000,18400.000000,0.000000
Thu Nov 5 15:09:28 GMT 2020,0.000000,136.000000,43.500000,6.200000,-1.500000,296.700000,80.000000,18400.000000,0.000000
Thu Nov 5 15:09:28 GMT 2020,0.000000,136.000000,43.500000,6.200000,-1.500000,296.700000,80.000000,18400.000000,0.000000
Thu Nov 5 15:09:28 GMT 2020,0.000000,136.000000,43.500000,6.200000,-1.500000,296.700000,80.000000,18400.000000,0.000000
Thu Nov 5 15:09:28 GMT 2020,0.000000,136.000000,43.500000,6.200000,-1.500000,296.700000,80.000000,18400.000000,0.000000
Thu Nov 5 15:09:28 GMT 2020,0.000000,136.000000,43.500000,6.200000,-1.500000,296.700000,80.000000,18400.000000,0.000000
Thu Nov 5 15:09:28 GMT 2020,0.000000,136.000000,43.500000,6.200000,-1.500000,296.700000,80.000000,18400.000000,0.000000
Thu Nov 5 15:09:28 GMT 2020,0.000000,136.000000,43.500000,6.200000,-1.500000,296.700000,80.000000,18400.000000,0.000000
Thu Nov 5 15:09:28 GMT 2020,0.000000,136.000000,43.500000,6.200000,-1.500000,296.700000,80.000000,18400.000000,0.000000
Thu Nov 5 15:09:29 GMT 2020,0.000000,136.000000,43.500000,6.100000,-1.200000,296.700000,80.000000,18400.000000,0.000000
Thu Nov 5 15:09:29 GMT 2020,0.000000,136.000000,43.500000,6.100000,-1.200000,296.700000,80.000000,18400.000000,0.000000
Thu Nov 5 15:09:29 GMT 2020,0.000000,136.000000,43.500000,6.200000,-1.500000,296.600000,80.000000,18400.000000,0.000000
Thu Nov 5 15:09:29 GMT 2020,0.000000,136.000000,43.500000,6.200000,-1.500000,296.600000,80.000000,18400.000000,0.000000
Thu Nov 5 15:09:29 GMT 2020,0.000000,136.000000,43.500000,6.100000,-1.500000,296.600000,80.000000,18400.000000,0.000000
Thu Nov 5 15:09:29 GMT 2020,0.000000,136.000000,43.500000,6.100000,-1.500000,296.700000,80.000000,18400.000000,0.000000
Thu Nov 5 15:09:29 GMT 2020,0.000000,136.000000,43.500000,6.100000,-1.500000,296.700000,80.000000,18400.000000,0.000000
Thu Nov 5 15:09:29 GMT 2020,0.000000,136.000000,43.500000,6.200000,-1.200000,296.600000,80.000000,18400.000000,0.000000
Thu Nov 5 15:09:29 GMT 2020,0.000000,136.000000,43.500000,6.200000,-1.200000,296.600000,80.000000,18400.000000,0.000000
Thu Nov 5 15:09:30 GMT 2020,0.000000,136.000000,43.500000,6.200000,-1.200000,296.600000,80.000000,18400.000000,0.000000
Thu Nov 5 15:09:30 GMT 2020,0.000000,136.000000,43.500000,6.200000,-1.200000,296.600000,80.000000,18400.000000,0.000000
Thu Nov 5 15:09:30 GMT 2020,0.000000,136.000000,43.500000,6.200000,-1.200000,296.600000,80.000000,18400.000000,0.000000
Thu Nov 5 15:09:30 GMT 2020,0.000000,136.000000,43.500000,6.200000,-1.200000,296.600000,80.000000,18400.000000,0.000000
Thu Nov 5 15:09:30 GMT 2020,0.000000,136.000000,43.500000,6.200000,-1.200000,296.600000,80.000000,18400.000000,0.000000
Thu Nov 5 15:09:30 GMT 2020,0.000000,136.000000,43.500000,6.200000,-1.200000,296.600000,80.000000,18400.000000,0.000000
Thu Nov 5 15:09:30 GMT 2020,0.000000,136.000000,43.500000,6.200000,-1.200000,296.600000,80.000000,18400.000000,0.000000
Thu Nov 5 15:09:30 GMT 2020,0.000000,136.000000,43.500000,6.200000,-1.200000,296.600000,80.000000,18400.000000,0.000000
Thu Nov 5 15:09:30 GMT 2020,0.000000,136.000000,43.500000,6.200000,-1.200000,296.600000,80.000000,18400.000000,0.000000
Thu Nov 5 15:09:30 GMT 2020,0.000000,136.000000,43.500000,6.200000,-1.200000,296.600000,80.000000,18400.000000,0.000000
Thu Nov 5 15:09:31 GMT 2020,0.000000,136.000000,43.500000,6.200000,-1.200000,296.600000,80.000000,18400.000000,0.000000
Thu Nov 5 15:09:31 GMT 2020,0.000000,136.000000,43.500000,6.200000,-1.200000,296.600000,80.000000,18400.000000,0.000000
Thu Nov 5 15:09:31 GMT 2020,0.000000,136.000000,43.500000,6.200000,-1.200000,296.600000,80.000000,18400.000000,0.000000
Thu Nov 5 15:09:31 GMT 2020,0.000000,136.000000,43.500000,6.200000,-1.200000,296.600000,80.000000,18400.000000,0.000000
Thu Nov 5 15:09:31 GMT 2020,0.000000,136.000000,43.500000,6.200000,-1.200000,296.600000,80.000000,18400.000000,0.000000
Thu Nov 5 15:09:31 GMT 2020,0.000000,136.000000,43.500000,6.200000,-1.200000,296.600000,80.000000,18400.000000,0.000000
Thu Nov 5 15:09:31 GMT 2020,0.000000,136.000000,43.500000,6.200000,-1.200000,296.600000,80.000000,18400.000000,0.000000
Thu Nov 5 15:09:31 GMT 2020,0.000000,136.000000,43.500000,6.200000,-1.200000,296.600000,80.000000,18400.000000,0.000000
Thu Nov 5 15:09:31 GMT 2020,0.000000,136.000000,43.500000,6.200000,-1.200000,296.600000,80.000000,18400.000000,0.000000
Thu Nov 5 15:09:31 GMT 2020,0.000000,136.000000,43.500000,6.200000,-1.200000,296.600000,80.000000,18400.000000,0.000000
Thu Nov 5 15:09:32 GMT 2020,0.000000,136.000000,43.500000,6.200000,-1.200000,296.600000,80.000000,18400.000000,0.000000
Thu Nov 5 15:09:32 GMT 2020,0.000000,136.000000,43.500000,6.200000,-1.200000,296.600000,80.000000,18400.000000,0.000000
Thu Nov 5 15:09:32 GMT 2020,0.000000,136.000000,43.500000,6.200000,-1.200000,296.600000,80.000000,18400.000000,0.000000
Thu Nov 5 15:09:32 GMT 2020,0.000000,136.000000,43.500000,6.200000,-1.200000,296.600000,80.000000,18400.000000,0.000000
Thu Nov 5 15:09:32 GMT 2020,0.000000,136.000000,43.500000,6.200000,-1.200000,296.600000,80.000000,18400.000000,0.000000
Thu Nov 5 15:09:32 GMT 2020,0.000000,136.000000,43.500000,6.200000,-1.200000,296.600000,80.000000,18400.000000,0.000000
Thu Nov 5 15:09:32 GMT 2020,0.000000,136.000000,43.500000,6.200000,-1.200000,296.600000,80.000000,18400.000000,0.000000
Thu Nov 5 15:09:32 GMT 2020,0.000000,136.000000,43.500000,6.200000,-1.200000,296.600000,80.000000,18400.000000,0.000000
Thu Nov 5 15:09:32 GMT 2020,0.000000,136.000000,43.500000,6.200000,-1.200000,296.600000,80.000000,18400.000000,0.000000
Thu Nov 5 15:09:32 GMT 2020,0.000000,136.000000,43.500000,6.200000,-1.200000,296.600000,80.000000,18400.000000,0.000000
Thu Nov 5 15:09:33 GMT 2020,0.000000,136.000000,43.500000,6.200000,-1.200000,296.600000,80.000000,18400.000000,0.000000
Thu Nov 5 15:09:33 GMT 2020,0.000000,136.000000,43.500000,6.200000,-1.200000,296.600000,80.000000,18400.000000,0.000000
Thu Nov 5 15:09:33 GMT 2020,0.000000,136.000000,43.500000,6.200000,-1.200000,296.600000,80.000000,18400.000000,0.000000
Thu Nov 5 15:09:33 GMT 2020,0.000000,136.000000,43.500000,6.200000,-1.200000,296.600000,80.000000,18400.000000,0.000000
Thu Nov 5 15:09:33 GMT 2020,0.000000,136.000000,43.500000,6.200000,-1.200000,296.600000,80.000000,18400.000000,0.000000
Thu Nov 5 15:09:33 GMT 2020,0.000000,136.000000,43.500000,6.200000,-1.200000,296.600000,80.000000,18400.000000,0.000000
Thu Nov 5 15:09:33 GMT 2020,0.000000,136.000000,43.500000,6.200000,-1.200000,296.600000,80.000000,18400.000000,0.000000
Thu Nov 5 15:09:33 GMT 2020,0.000000,136.000000,43.500000,6.200000,-1.200000,296.600000,80.000000,18400.000000,0.000000
Thu Nov 5 15:09:33 GMT 2020,0.000000,136.000000,43.500000,6.200000,-1.200000,296.600000,80.000000,18400.000000,0.000000
Thu Nov 5 15:09:33 GMT 2020,0.000000,136.000000,43.500000,6.200000,-1.200000,296.600000,80.000000,18400.000000,0.000000
Thu Nov 5 15:09:34 GMT 2020,0.000000,136.000000,43.500000,6.200000,-1.200000,296.600000,80.000000,18400.000000,0.000000
Thu Nov 5 15:09:34 GMT 2020,0.000000,136.000000,43.500000,6.200000,-1.200000,296.600000,80.000000,18400.000000,0.000000
Thu Nov 5 15:09:34 GMT 2020,0.000000,136.000000,43.500000,6.200000,-1.200000,296.600000,80.000000,18400.000000,0.000000
Thu Nov 5 15:09:34 GMT 2020,0.000000,136.000000,43.500000,6.200000,-1.200000,296.600000,80.000000,18400.000000,0.000000
Thu Nov 5 15:09:34 GMT 2020,0.000000,136.000000,43.500000,6.200000,-1.200000,296.600000,80.000000,18400.000000,0.000000
Thu Nov 5 15:09:34 GMT 2020,0.000000,136.000000,43.500000,6.200000,-1.200000,296.600000,80.000000,18400.000000,0.000000
Thu Nov 5 15:09:34 GMT 2020,0.000000,136.000000,43.500000,6.200000,-1.200000,296.600000,80.000000,18400.000000,0.000000
Thu Nov 5 15:09:34 GMT 2020,0.000000,136.000000,43.500000,6.200000,-1.200000,296.600000,80.000000,18400.000000,0.000000
Thu Nov 5 15:09:34 GMT 2020,0.000000,136.000000,43.500000,6.200000,-1.200000,296.600000,80.000000,18400.000000,0.000000
Thu Nov 5 15:09:34 GMT 2020,0.000000,136.000000,43.500000,6.200000,-1.200000,296.600000,80.000000,18400.000000,0.000000
Thu Nov 5 15:09:35 GMT 2020,0.000000,136.000000,43.500000,6.200000,-1.200000,296.600000,80.000000,18400.000000,0.000000
Thu Nov 5 15:09:35 GMT 2020,0.000000,136.000000,43.500000,6.200000,-1.200000,296.600000,80.000000,18400.000000,0.000000
Thu Nov 5 15:09:35 GMT 2020,0.000000,144.000000,46.300000,6.200000,-1.200000,296.600000,80.000000,18400.000000,0.000000
Thu Nov 5 15:09:35 GMT 2020,0.000000,144.000000,46.300000,6.200000,-1.200000,296.600000,80.000000,18400.000000,0.000000
Thu Nov 5 15:09:35 GMT 2020,0.000000,148.000000,46.300000,6.200000,-1.200000,296.600000,80.000000,18400.000000,0.000000
Thu Nov 5 15:09:35 GMT 2020,0.000000,148.000000,47.700000,6.200000,-1.200000,296.600000,80.000000,18400.000000,0.000000
Thu Nov 5 15:09:35 GMT 2020,0.000000,148.000000,47.700000,6.200000,-1.200000,296.600000,80.000000,18400.000000,0.000000
Thu Nov 5 15:09:35 GMT 2020,1.000000,56.000000,47.700000,6.200000,-1.200000,296.600000,80.000000,18400.000000,0.000000
Thu Nov 5 15:09:35 GMT 2020,1.000000,56.000000,17.100000,6.200000,-1.200000,296.600000,80.000000,18400.000000,0.000000
Thu Nov 5 15:09:35 GMT 2020,1.000000,56.000000,17.100000,6.200000,-1.200000,296.600000,80.000000,18400.000000,0.000000
Thu Nov 5 15:09:36 GMT 2020,1.000000,56.000000,17.100000,6.200000,-1.200000,296.600000,80.000000,18400.000000,0.000000
Thu Nov 5 15:09:36 GMT 2020,1.000000,56.000000,17.100000,6.200000,-1.200000,296.600000,15.000000,3450.000000,0.000000
Thu Nov 5 15:09:36 GMT 2020,1.000000,10.000000,2.900000,6.200000,-1.200000,296.600000,15.000000,3450.000000,0.000000
Thu Nov 5 15:09:36 GMT 2020,1.000000,10.000000,2.900000,6.200000,-1.200000,296.600000,15.000000,3450.000000,0.000000
Thu Nov 5 15:09:36 GMT 2020,1.000000,10.000000,2.900000,6.200000,-1.200000,296.600000,15.000000,3450.000000,0.000000
Thu Nov 5 15:09:36 GMT 2020,1.000000,10.000000,2.900000,6.200000,-1.200000,296.600000,15.000000,3450.000000,0.000000
Thu Nov 5 15:09:36 GMT 2020,1.000000,10.000000,2.900000,6.200000,-1.200000,296.600000,15.000000,3450.000000,0.000000
Thu Nov 5 15:09:36 GMT 2020,1.000000,10.000000,2.900000,6.200000,-1.200000,296.600000,15.000000,3450.000000,0.000000
Thu Nov 5 15:09:36 GMT 2020,1.000000,10.000000,2.900000,6.200000,-1.200000,296.600000,15.000000,3450.000000,0.000000
Thu Nov 5 15:09:36 GMT 2020,1.000000,10.000000,2.900000,6.200000,-1.200000,296.600000,15.000000,3450.000000,0.000000
Thu Nov 5 15:09:37 GMT 2020,1.000000,10.000000,2.900000,6.200000,-1.200000,296.600000,15.000000,3450.000000,0.000000
Thu Nov 5 15:09:37 GMT 2020,1.000000,10.000000,2.900000,6.200000,-1.200000,296.600000,15.000000,3450.000000,0.000000
Thu Nov 5 15:09:37 GMT 2020,1.000000,10.000000,2.900000,6.200000,-1.200000,296.600000,15.000000,3450.000000,0.000000
Thu Nov 5 15:09:37 GMT 2020,1.000000,10.000000,2.900000,6.200000,-1.200000,296.600000,15.000000,3450.000000,0.000000
Thu Nov 5 15:09:37 GMT 2020,1.000000,10.000000,2.900000,6.200000,-1.200000,296.600000,15.000000,3450.000000,0.000000
Thu Nov 5 15:09:37 GMT 2020,1.000000,10.000000,2.900000,6.200000,-1.200000,296.600000,15.000000,3450.000000,0.000000
Thu Nov 5 15:09:37 GMT 2020,1.000000,10.000000,2.900000,6.200000,-1.200000,296.600000,15.000000,3450.000000,0.000000
Thu Nov 5 15:09:37 GMT 2020,1.000000,10.000000,2.900000,6.200000,-1.200000,296.600000,15.000000,3450.000000,0.000000
Thu Nov 5 15:09:37 GMT 2020,1.000000,10.000000,2.900000,6.200000,-1.200000,296.600000,15.000000,3450.000000,0.000000
Thu Nov 5 15:09:37 GMT 2020,1.000000,10.000000,2.900000,6.200000,-1.200000,296.600000,15.000000,3450.000000,0.000000
Thu Nov 5 15:09:38 GMT 2020,1.000000,10.000000,2.900000,6.200000,-1.200000,296.600000,15.000000,3450.000000,0.000000
Thu Nov 5 15:09:38 GMT 2020,1.000000,10.000000,2.900000,6.200000,-1.200000,296.600000,15.000000,3450.000000,0.000000
Thu Nov 5 15:09:38 GMT 2020,1.000000,10.000000,2.900000,6.200000,-1.200000,296.600000,15.000000,3450.000000,0.000000
Thu Nov 5 15:09:38 GMT 2020,1.000000,10.000000,2.900000,6.200000,-1.200000,296.600000,15.000000,3450.000000,0.000000
Thu Nov 5 15:09:38 GMT 2020,1.000000,10.000000,2.900000,6.200000,-1.200000,296.600000,15.000000,3450.000000,0.000000
Thu Nov 5 15:09:38 GMT 2020,1.000000,10.000000,2.900000,6.200000,-1.200000,296.600000,15.000000,3450.000000,0.000000
Thu Nov 5 15:09:38 GMT 2020,1.000000,10.000000,2.900000,6.200000,-1.200000,296.600000,15.000000,3450.000000,0.000000
Thu Nov 5 15:09:38 GMT 2020,1.000000,10.000000,2.900000,6.200000,-1.200000,296.600000,15.000000,3450.000000,0.000000
Thu Nov 5 15:09:38 GMT 2020,1.000000,10.000000,2.900000,6.200000,-1.200000,296.600000,15.000000,3450.000000,0.000000
Thu Nov 5 15:09:38 GMT 2020,1.000000,10.000000,2.900000,6.200000,-1.200000,296.600000,15.000000,3450.000000,0.000000
Thu Nov 5 15:09:39 GMT 2020,1.000000,10.000000,2.900000,6.200000,-1.200000,296.600000,15.000000,3450.000000,0.000000
Thu Nov 5 15:09:39 GMT 2020,1.000000,10.000000,2.900000,6.200000,-1.200000,296.600000,15.000000,3450.000000,0.000000
Thu Nov 5 15:09:39 GMT 2020,1.000000,10.000000,2.900000,6.200000,-1.200000,296.600000,15.000000,3450.000000,0.000000
Thu Nov 5 15:09:39 GMT 2020,1.000000,10.000000,2.900000,6.200000,-1.200000,296.600000,15.000000,3450.000000,0.000000
Thu Nov 5 15:09:39 GMT 2020,1.000000,10.000000,2.900000,6.200000,-1.200000,296.600000,15.000000,3450.000000,0.000000
Thu Nov 5 15:09:39 GMT 2020,1.000000,10.000000,2.900000,6.200000,-1.200000,296.600000,15.000000,3450.000000,0.000000
Thu Nov 5 15:09:39 GMT 2020,1.000000,10.000000,2.900000,6.200000,-1.200000,296.600000,15.000000,3450.000000,0.000000
Thu Nov 5 15:09:39 GMT 2020,1.000000,10.000000,2.900000,6.200000,-1.200000,296.600000,15.000000,3450.000000,0.000000
Thu Nov 5 15:09:39 GMT 2020,1.000000,10.000000,2.900000,6.200000,-1.200000,296.600000,15.000000,3450.000000,0.000000
Thu Nov 5 15:09:39 GMT 2020,1.000000,10.000000,2.900000,6.200000,-1.200000,296.600000,15.000000,3450.000000,0.000000
Thu Nov 5 15:09:40 GMT 2020,1.000000,10.000000,2.900000,6.200000,-1.200000,296.600000,15.000000,3450.000000,0.000000
Thu Nov 5 15:09:40 GMT 2020,1.000000,10.000000,2.900000,6.200000,-1.200000,296.600000,15.000000,3450.000000,0.000000
Thu Nov 5 15:09:40 GMT 2020,1.000000,10.000000,2.900000,6.200000,-1.200000,296.600000,15.000000,3450.000000,0.000000
Thu Nov 5 15:09:40 GMT 2020,1.000000,10.000000,2.900000,6.200000,-1.200000,296.600000,15.000000,3450.000000,0.000000
Thu Nov 5 15:09:40 GMT 2020,1.000000,10.000000,2.900000,6.200000,-1.200000,296.600000,15.000000,3450.000000,0.000000
Thu Nov 5 15:09:40 GMT 2020,1.000000,10.000000,2.900000,6.200000,-1.200000,296.600000,15.000000,3450.000000,0.000000
Thu Nov 5 15:09:40 GMT 2020,1.000000,10.000000,2.900000,6.200000,-1.200000,296.600000,15.000000,3450.000000,0.000000
Thu Nov 5 15:09:40 GMT 2020,1.000000,10.000000,2.900000,6.200000,-1.200000,296.600000,15.000000,3450.000000,0.000000
Thu Nov 5 15:09:40 GMT 2020,1.000000,10.000000,2.900000,6.200000,-1.200000,296.600000,15.000000,3450.000000,0.000000
Thu Nov 5 15:09:40 GMT 2020,1.000000,10.000000,2.900000,5.200000,2.000000,296.600000,15.000000,3450.000000,0.000000
Thu Nov 5 15:09:41 GMT 2020,1.000000,10.000000,2.900000,5.200000,2.000000,296.700000,15.000000,3450.000000,0.000000
Thu Nov 5 15:09:41 GMT 2020,1.000000,10.000000,2.900000,4.700000,0.200000,296.700000,15.000000,3450.000000,0.000000
Thu Nov 5 15:09:41 GMT 2020,1.000000,10.000000,2.900000,4.700000,0.200000,296.800000,15.000000,3450.000000,0.000000
Thu Nov 5 15:09:41 GMT 2020,1.000000,10.000000,2.900000,4.700000,0.200000,296.800000,15.000000,3450.000000,0.000000
Thu Nov 5 15:09:41 GMT 2020,1.000000,10.000000,2.900000,4.000000,-1.500000,296.900000,15.000000,3450.000000,0.000000
Thu Nov 5 15:09:41 GMT 2020,1.000000,10.000000,2.900000,4.000000,-1.500000,296.900000,15.000000,3450.000000,0.000000
Thu Nov 5 15:09:41 GMT 2020,1.000000,10.000000,2.900000,3.500000,-1.500000,296.900000,15.000000,3450.000000,0.000000
Thu Nov 5 15:09:41 GMT 2020,1.000000,10.000000,2.900000,3.500000,2.900000,297.000000,15.000000,3450.000000,0.000000
Thu Nov 5 15:09:41 GMT 2020,1.000000,10.000000,2.900000,3.500000,2.900000,297.000000,15.000000,3450.000000,0.000000
Thu Nov 5 15:09:41 GMT 2020,1.000000,10.000000,2.900000,2.700000,1.700000,297.100000,15.000000,3450.000000,0.000000
Thu Nov 5 15:09:42 GMT 2020,1.000000,10.000000,2.900000,2.700000,1.700000,297.100000,15.000000,3450.000000,0.000000
Thu Nov 5 15:09:42 GMT 2020,1.000000,10.000000,2.900000,2.200000,0.200000,297.200000,15.000000,3450.000000,0.000000
Thu Nov 5 15:09:42 GMT 2020,1.000000,10.000000,2.900000,2.200000,0.200000,297.200000,15.000000,3450.000000,0.000000
Thu Nov 5 15:09:42 GMT 2020,1.000000,10.000000,2.900000,1.600000,-2.000000,297.300000,15.000000,3450.000000,0.000000
Thu Nov 5 15:09:42 GMT 2020,1.000000,10.000000,2.900000,1.600000,-2.000000,297.300000,15.000000,3450.000000,0.000000
Thu Nov 5 15:09:42 GMT 2020,1.000000,10.000000,2.900000,1.300000,-2.000000,297.300000,15.000000,3450.000000,0.000000
Thu Nov 5 15:09:42 GMT 2020,1.000000,10.000000,2.900000,1.300000,2.900000,297.400000,15.000000,3450.000000,0.000000
Thu Nov 5 15:09:42 GMT 2020,1.000000,10.000000,2.900000,1.300000,2.900000,297.400000,15.000000,3450.000000,0.000000
Thu Nov 5 15:09:42 GMT 2020,1.000000,10.000000,2.900000,0.400000,1.700000,297.500000,15.000000,3450.000000,0.000000
Thu Nov 5 15:09:42 GMT 2020,1.000000,10.000000,2.900000,0.400000,1.700000,297.500000,15.000000,3450.000000,0.000000
Thu Nov 5 15:09:43 GMT 2020,1.000000,10.000000,2.900000,0.000000,1.700000,297.500000,15.000000,3450.000000,0.000000
Thu Nov 5 15:09:43 GMT 2020,1.000000,10.000000,2.900000,0.000000,-0.800000,297.600000,15.000000,3450.000000,0.000000
Thu Nov 5 15:09:43 GMT 2020,1.000000,10.000000,2.900000,0.000000,-0.800000,297.600000,15.000000,3450.000000,0.000000
Thu Nov 5 15:09:43 GMT 2020,1.000000,10.000000,2.900000,-0.800000,-2.000000,297.600000,15.000000,3450.000000,0.000000
Thu Nov 5 15:09:43 GMT 2020,1.000000,10.000000,2.900000,-0.800000,-2.000000,297.600000,15.000000,3450.000000,0.000000
Thu Nov 5 15:09:43 GMT 2020,1.000000,10.000000,2.900000,-1.200000,2.300000,297.800000,15.000000,3450.000000,0.000000
Thu Nov 5 15:09:43 GMT 2020,1.000000,10.000000,2.900000,-1.200000,2.300000,297.800000,15.000000,3450.000000,0.000000
Thu Nov 5 15:09:43 GMT 2020,1.000000,10.000000,2.900000,-2.000000,2.300000,297.800000,15.000000,3450.000000,0.000000
Thu Nov 5 15:09:43 GMT 2020,1.000000,10.000000,2.900000,-2.000000,1.100000,297.900000,15.000000,3450.000000,0.000000
Thu Nov 5 15:09:43 GMT 2020,1.000000,10.000000,2.900000,-2.000000,1.100000,297.900000,15.000000,3450.000000,0.000000
Thu Nov 5 15:09:44 GMT 2020,1.000000,10.000000,2.900000,-2.800000,-1.100000,297.900000,15.000000,3450.000000,0.000000
Thu Nov 5 15:09:44 GMT 2020,1.000000,10.000000,2.900000,-2.800000,-1.100000,298.000000,15.000000,3450.000000,0.000000
Thu Nov 5 15:09:44 GMT 2020,1.000000,10.000000,2.900000,-3.100000,-2.000000,298.000000,15.000000,3450.000000,0.000000
Thu Nov 5 15:09:44 GMT 2020,1.000000,10.000000,2.900000,-3.100000,-2.000000,298.000000,15.000000,3450.000000,0.000000
Thu Nov 5 15:09:44 GMT 2020,1.000000,10.000000,2.900000,-3.400000,-2.000000,298.000000,15.000000,3450.000000,0.000000
Thu Nov 5 15:09:44 GMT 2020,1.000000,10.000000,2.900000,-3.400000,2.300000,298.100000,15.000000,3450.000000,0.000000
Thu Nov 5 15:09:44 GMT 2020,1.000000,10.000000,2.900000,-3.400000,2.300000,298.100000,15.000000,3450.000000,0.000000
Thu Nov 5 15:09:44 GMT 2020,1.000000,10.000000,2.900000,-3.400000,2.300000,298.100000,15.000000,3450.000000,0.000000
Thu Nov 5 15:09:44 GMT 2020,1.000000,10.000000,2.900000,-3.400000,2.300000,298.100000,15.000000,3450.000000,0.000000
Thu Nov 5 15:09:44 GMT 2020,1.000000,10.000000,2.900000,-3.400000,2.300000,298.100000,15.000000,3450.000000,0.000000
Thu Nov 5 15:09:45 GMT 2020,1.000000,10.000000,2.900000,-3.400000,2.300000,298.100000,15.000000,3450.000000,0.000000
Thu Nov 5 15:09:45 GMT 2020,1.000000,10.000000,2.900000,-3.400000,2.300000,298.100000,15.000000,3450.000000,0.000000
Thu Nov 5 15:09:45 GMT 2020,1.000000,10.000000,2.900000,-3.400000,2.300000,298.100000,15.000000,3450.000000,0.000000
Thu Nov 5 15:09:45 GMT 2020,1.000000,10.000000,2.900000,-3.400000,2.300000,298.100000,15.000000,3450.000000,0.000000
Thu Nov 5 15:09:45 GMT 2020,1.000000,10.000000,2.900000,-3.400000,2.300000,298.100000,15.000000,3450.000000,0.000000
Thu Nov 5 15:09:45 GMT 2020,1.000000,10.000000,2.900000,-3.400000,2.300000,298.100000,15.000000,3450.000000,0.000000
Thu Nov 5 15:09:45 GMT 2020,1.000000,10.000000,2.900000,-3.400000,2.300000,298.100000,15.000000,3450.000000,0.000000
Thu Nov 5 15:09:45 GMT 2020,1.000000,10.000000,2.900000,-3.400000,2.300000,298.100000,15.000000,3450.000000,0.000000
Thu Nov 5 15:09:45 GMT 2020,1.000000,10.000000,2.900000,-3.400000,2.300000,298.100000,15.000000,3450.000000,0.000000
Thu Nov 5 15:09:46 GMT 2020,1.000000,10.000000,2.900000,-3.400000,2.300000,298.100000,15.000000,3450.000000,0.000000
Thu Nov 5 15:09:46 GMT 2020,1.000000,10.000000,2.900000,-3.400000,2.300000,298.100000,15.000000,3450.000000,0.000000
Thu Nov 5 15:09:46 GMT 2020,1.000000,10.000000,2.900000,-3.400000,2.300000,298.100000,15.000000,3450.000000,0.000000
Thu Nov 5 15:09:46 GMT 2020,1.000000,10.000000,2.900000,-3.400000,2.300000,298.100000,15.000000,3450.000000,0.000000
Thu Nov 5 15:09:46 GMT 2020,1.000000,10.000000,2.900000,-3.400000,2.300000,298.100000,15.000000,3450.000000,0.000000
Thu Nov 5 15:09:46 GMT 2020,1.000000,10.000000,2.900000,-3.400000,2.300000,298.100000,15.000000,3450.000000,0.000000
Thu Nov 5 15:09:46 GMT 2020,1.000000,10.000000,2.900000,-3.400000,2.300000,298.100000,15.000000,3450.000000,0.000000
Thu Nov 5 15:09:46 GMT 2020,1.000000,10.000000,2.900000,-3.400000,2.300000,298.100000,15.000000,3450.000000,0.000000
Thu Nov 5 15:09:46 GMT 2020,1.000000,10.000000,2.900000,-3.400000,2.300000,298.100000,15.000000,3450.000000,0.000000
Thu Nov 5 15:09:46 GMT 2020,1.000000,10.000000,2.900000,-3.400000,2.300000,298.100000,15.000000,3450.000000,0.000000
Thu Nov 5 15:09:47 GMT 2020,1.000000,10.000000,2.900000,-3.400000,2.300000,298.100000,15.000000,3450.000000,0.000000
Thu Nov 5 15:09:47 GMT 2020,1.000000,10.000000,2.900000,-3.400000,2.300000,298.100000,15.000000,3450.000000,0.000000
Thu Nov 5 15:09:47 GMT 2020,1.000000,10.000000,2.900000,-3.400000,2.300000,298.100000,15.000000,3450.000000,0.000000
Thu Nov 5 15:09:47 GMT 2020,1.000000,10.000000,2.900000,-3.400000,2.300000,298.100000,15.000000,3450.000000,0.000000
Thu Nov 5 15:09:47 GMT 2020,1.000000,10.000000,2.900000,-3.400000,2.300000,298.100000,15.000000,3450.000000,0.000000
Thu Nov 5 15:09:47 GMT 2020,1.000000,10.000000,2.900000,-3.400000,2.300000,298.100000,15.000000,3450.000000,0.000000
Thu Nov 5 15:09:47 GMT 2020,1.000000,10.000000,2.900000,-3.400000,2.300000,298.100000,15.000000,3450.000000,0.000000
Thu Nov 5 15:09:47 GMT 2020,1.000000,10.000000,2.900000,-3.400000,2.300000,298.100000,15.000000,3450.000000,0.000000
Thu Nov 5 15:09:47 GMT 2020,1.000000,10.000000,2.900000,-3.400000,2.300000,298.100000,15.000000,3450.000000,0.000000
Thu Nov 5 15:09:47 GMT 2020,1.000000,10.000000,2.900000,-2.800000,-1.100000,298.100000,15.000000,3450.000000,0.000000
Thu Nov 5 15:09:48 GMT 2020,1.000000,10.000000,2.900000,-2.800000,-1.100000,298.100000,13.000000,2990.000000,0.000000
Thu Nov 5 15:09:48 GMT 2020,1.000000,9.000000,2.600000,-2.600000,-1.100000,298.100000,13.000000,2990.000000,0.000000
Thu Nov 5 15:09:48 GMT 2020,1.000000,9.000000,2.600000,-2.600000,-0.800000,298.100000,13.000000,2990.000000,0.000000
Thu Nov 5 15:09:48 GMT 2020,1.000000,9.000000,2.600000,-2.600000,-0.800000,298.100000,13.000000,2990.000000,0.000000
Thu Nov 5 15:09:48 GMT 2020,1.000000,9.000000,2.600000,-2.800000,-0.800000,298.100000,13.000000,2990.000000,0.000000
Thu Nov 5 15:09:48 GMT 2020,1.000000,9.000000,2.600000,-2.800000,-0.800000,298.100000,13.000000,2990.000000,0.000000
Thu Nov 5 15:09:48 GMT 2020,1.000000,9.000000,2.600000,-2.800000,-1.400000,298.100000,13.000000,2990.000000,0.000000
Thu Nov 5 15:09:48 GMT 2020,1.000000,9.000000,2.600000,-2.800000,-1.400000,298.100000,13.000000,2990.000000,0.000000
Thu Nov 5 15:09:48 GMT 2020,1.000000,9.000000,2.600000,-2.700000,-1.100000,298.100000,13.000000,2990.000000,0.000000
Thu Nov 5 15:09:48 GMT 2020,1.000000,9.000000,2.600000,-2.700000,-1.100000,298.100000,13.000000,2990.000000,0.000000
Thu Nov 5 15:09:49 GMT 2020,1.000000,9.000000,2.600000,-2.700000,-1.100000,298.100000,13.000000,2990.000000,0.000000
Thu Nov 5 15:09:49 GMT 2020,1.000000,9.000000,2.600000,-2.700000,-1.100000,298.100000,13.000000,2990.000000,0.000000
Thu Nov 5 15:09:49 GMT 2020,1.000000,9.000000,2.600000,-2.700000,-1.100000,298.100000,13.000000,2990.000000,0.000000
Thu Nov 5 15:09:49 GMT 2020,1.000000,9.000000,2.600000,-2.700000,-1.100000,298.100000,13.000000,2990.000000,0.000000
Thu Nov 5 15:09:49 GMT 2020,1.000000,9.000000,2.600000,-2.700000,-1.100000,298.100000,13.000000,2990.000000,0.000000
Thu Nov 5 15:09:49 GMT 2020,1.000000,9.000000,2.600000,-2.700000,-1.100000,298.100000,13.000000,2990.000000,0.000000
Thu Nov 5 15:09:49 GMT 2020,1.000000,9.000000,2.600000,-2.700000,-1.100000,298.100000,13.000000,2990.000000,0.000000
Thu Nov 5 15:09:49 GMT 2020,1.000000,9.000000,2.600000,-2.700000,-1.100000,298.100000,13.000000,2990.000000,0.000000
Thu Nov 5 15:09:49 GMT 2020,1.000000,9.000000,2.600000,-2.800000,-1.400000,298.100000,13.000000,2990.000000,0.000000
Thu Nov 5 15:09:49 GMT 2020,1.000000,9.000000,2.600000,-2.800000,-1.400000,298.100000,13.000000,2990.000000,0.000000
Thu Nov 5 15:09:50 GMT 2020,1.000000,9.000000,2.600000,-2.800000,-1.400000,298.100000,13.000000,2990.000000,0.000000
Thu Nov 5 15:09:50 GMT 2020,1.000000,9.000000,2.600000,-2.800000,-1.400000,298.100000,13.000000,2990.000000,0.000000
Thu Nov 5 15:09:50 GMT 2020,1.000000,9.000000,2.600000,-2.800000,-1.400000,298.100000,13.000000,2990.000000,0.000000
Thu Nov 5 15:09:50 GMT 2020,1.000000,9.000000,2.600000,-2.800000,-1.400000,298.100000,13.000000,2990.000000,0.000000
Thu Nov 5 15:09:50 GMT 2020,1.000000,9.000000,2.600000,-2.800000,-1.400000,298.100000,13.000000,2990.000000,0.000000
Thu Nov 5 15:09:50 GMT 2020,1.000000,9.000000,2.600000,-2.800000,-1.400000,298.100000,13.000000,2990.000000,0.000000
Thu Nov 5 15:09:50 GMT 2020,1.000000,9.000000,2.600000,-2.800000,-1.400000,298.100000,13.000000,2990.000000,0.000000
Thu Nov 5 15:09:50 GMT 2020,1.000000,9.000000,2.600000,-2.800000,-1.400000,298.100000,13.000000,2990.000000,0.000000
Thu Nov 5 15:09:50 GMT 2020,1.000000,9.000000,2.600000,-2.800000,-1.400000,298.100000,13.000000,2990.000000,0.000000
Thu Nov 5 15:09:50 GMT 2020,1.000000,9.000000,2.600000,-2.800000,-1.400000,298.100000,13.000000,2990.000000,0.000000
Thu Nov 5 15:09:51 GMT 2020,1.000000,9.000000,2.600000,-2.800000,-1.400000,298.100000,13.000000,2990.000000,0.000000
Thu Nov 5 15:09:51 GMT 2020,1.000000,9.000000,2.600000,-2.800000,-1.400000,298.100000,13.000000,2990.000000,0.000000
Thu Nov 5 15:09:51 GMT 2020,1.000000,9.000000,2.600000,-2.800000,-1.400000,298.100000,13.000000,2990.000000,0.000000
Thu Nov 5 15:09:51 GMT 2020,1.000000,9.000000,2.600000,-2.800000,-1.400000,298.100000,13.000000,2990.000000,0.000000
Thu Nov 5 15:09:51 GMT 2020,1.000000,9.000000,2.600000,-2.800000,-1.400000,298.100000,13.000000,2990.000000,0.000000
Thu Nov 5 15:09:51 GMT 2020,1.000000,9.000000,2.600000,-2.800000,-1.400000,298.100000,13.000000,2990.000000,0.000000
Thu Nov 5 15:09:51 GMT 2020,1.000000,9.000000,2.600000,-2.700000,-1.400000,298.200000,13.000000,2990.000000,0.000000
Thu Nov 5 15:09:51 GMT 2020,1.000000,9.000000,2.600000,-2.700000,-1.400000,298.200000,13.000000,2990.000000,0.000000
Thu Nov 5 15:09:51 GMT 2020,1.000000,9.000000,2.600000,-2.700000,-1.400000,298.200000,13.000000,2990.000000,0.000000
Thu Nov 5 15:09:51 GMT 2020,1.000000,9.000000,2.600000,-2.700000,-1.400000,298.100000,13.000000,2990.000000,0.000000
Thu Nov 5 15:09:52 GMT 2020,1.000000,9.000000,2.600000,-2.700000,-1.400000,298.100000,13.000000,2990.000000,0.000000
Thu Nov 5 15:09:52 GMT 2020,1.000000,9.000000,2.600000,-2.900000,-1.400000,298.100000,13.000000,2990.000000,0.000000
Thu Nov 5 15:09:52 GMT 2020,1.000000,9.000000,2.600000,-2.900000,-1.400000,298.100000,13.000000,2990.000000,0.000000
Thu Nov 5 15:09:52 GMT 2020,1.000000,9.000000,2.600000,-2.800000,-0.800000,298.100000,13.000000,2990.000000,0.000000
Thu Nov 5 15:09:52 GMT 2020,1.000000,9.000000,2.600000,-2.800000,-0.800000,298.100000,13.000000,2990.000000,0.000000
Thu Nov 5 15:09:52 GMT 2020,1.000000,9.000000,2.600000,-2.500000,-0.800000,298.100000,13.000000,2990.000000,0.000000
Thu Nov 5 15:09:52 GMT 2020,1.000000,9.000000,2.600000,-2.500000,-1.700000,298.100000,13.000000,2990.000000,0.000000
Thu Nov 5 15:09:52 GMT 2020,1.000000,9.000000,2.600000,-2.500000,-1.700000,298.100000,13.000000,2990.000000,0.000000
Thu Nov 5 15:09:52 GMT 2020,1.000000,9.000000,2.600000,-2.600000,-2.000000,298.100000,13.000000,2990.000000,0.000000
Thu Nov 5 15:09:52 GMT 2020,1.000000,9.000000,2.600000,-2.600000,-2.000000,298.100000,13.000000,2990.000000,0.000000
Thu Nov 5 15:09:53 GMT 2020,1.000000,9.000000,2.600000,-2.600000,-2.000000,298.100000,13.000000,2990.000000,0.000000
Thu Nov 5 15:09:53 GMT 2020,1.000000,9.000000,2.600000,-2.600000,-2.000000,298.100000,13.000000,2990.000000,0.000000
Thu Nov 5 15:09:53 GMT 2020,1.000000,9.000000,2.600000,-2.600000,-2.000000,298.100000,13.000000,2990.000000,0.000000
Thu Nov 5 15:09:53 GMT 2020,1.000000,9.000000,2.600000,-2.600000,-2.000000,298.100000,13.000000,2990.000000,0.000000
Thu Nov 5 15:09:53 GMT 2020,1.000000,9.000000,2.600000,-2.600000,-2.000000,298.100000,13.000000,2990.000000,0.000000
Thu Nov 5 15:09:53 GMT 2020,1.000000,9.000000,2.600000,-2.600000,-2.000000,298.100000,13.000000,2990.000000,0.000000
Thu Nov 5 15:09:53 GMT 2020,1.000000,9.000000,2.600000,-2.600000,-2.000000,298.100000,13.000000,2990.000000,0.000000
Thu Nov 5 15:09:53 GMT 2020,1.000000,9.000000,2.600000,-2.600000,-2.000000,298.100000,13.000000,2990.000000,0.000000
Thu Nov 5 15:09:53 GMT 2020,1.000000,9.000000,2.600000,-2.900000,-2.000000,298.100000,13.000000,2990.000000,0.000000
Thu Nov 5 15:09:53 GMT 2020,1.000000,9.000000,2.600000,-2.900000,2.000000,298.200000,13.000000,2990.000000,0.000000
Thu Nov 5 15:09:54 GMT 2020,1.000000,9.000000,2.600000,-2.900000,2.000000,298.200000,13.000000,2990.000000,0.000000
Thu Nov 5 15:09:54 GMT 2020,1.000000,9.000000,2.600000,-8.000000,2.600000,298.200000,13.000000,2990.000000,0.000000
Thu Nov 5 15:09:54 GMT 2020,1.000000,9.000000,2.600000,-8.000000,2.600000,298.900000,13.000000,2990.000000,0.000000
Thu Nov 5 15:09:54 GMT 2020,1.000000,9.000000,2.600000,-8.000000,2.600000,298.900000,13.000000,2990.000000,0.000000
Thu Nov 5 15:09:54 GMT 2020,1.000000,9.000000,2.600000,-7.900000,2.600000,298.900000,13.000000,2990.000000,0.000000
Thu Nov 5 15:09:54 GMT 2020,1.000000,9.000000,2.600000,-7.900000,2.600000,298.900000,13.000000,2990.000000,0.000000
Thu Nov 5 15:09:54 GMT 2020,1.000000,9.000000,2.600000,-7.900000,2.600000,298.900000,13.000000,2990.000000,0.000000
Thu Nov 5 15:09:54 GMT 2020,1.000000,9.000000,2.600000,-7.900000,2.600000,298.900000,13.000000,2990.000000,0.000000
Thu Nov 5 15:09:54 GMT 2020,1.000000,9.000000,2.600000,-7.900000,2.600000,298.900000,13.000000,2990.000000,0.000000
Thu Nov 5 15:09:54 GMT 2020,1.000000,9.000000,2.600000,-7.900000,2.600000,298.900000,13.000000,2990.000000,0.000000
Thu Nov 5 15:09:55 GMT 2020,1.000000,9.000000,2.600000,-7.900000,2.600000,298.900000,13.000000,2990.000000,0.000000
Thu Nov 5 15:09:55 GMT 2020,1.000000,9.000000,2.600000,-7.900000,2.600000,298.900000,13.000000,2990.000000,0.000000
Thu Nov 5 15:09:55 GMT 2020,1.000000,9.000000,2.600000,-7.900000,2.600000,298.900000,13.000000,2990.000000,0.000000
Thu Nov 5 15:09:55 GMT 2020,1.000000,9.000000,2.600000,-7.900000,2.600000,298.900000,13.000000,2990.000000,0.000000
Thu Nov 5 15:09:55 GMT 2020,1.000000,9.000000,2.600000,-7.900000,2.600000,298.900000,13.000000,2990.000000,0.000000
Thu Nov 5 15:09:55 GMT 2020,1.000000,9.000000,2.600000,-7.900000,2.600000,298.900000,13.000000,2990.000000,0.000000
Thu Nov 5 15:09:55 GMT 2020,1.000000,9.000000,2.600000,-7.900000,2.600000,298.900000,13.000000,2990.000000,0.000000
Thu Nov 5 15:09:55 GMT 2020,1.000000,9.000000,2.600000,-7.900000,2.600000,298.900000,13.000000,2990.000000,0.000000
Thu Nov 5 15:09:55 GMT 2020,1.000000,9.000000,2.600000,-7.900000,2.600000,298.900000,13.000000,2990.000000,0.000000
Thu Nov 5 15:09:55 GMT 2020,1.000000,9.000000,2.600000,-7.900000,1.900000,298.900000,13.000000,2990.000000,0.000000
Thu Nov 5 15:09:56 GMT 2020,1.000000,9.000000,2.600000,-7.900000,1.900000,299.000000,13.000000,2990.000000,0.000000
Thu Nov 5 15:09:56 GMT 2020,1.000000,9.000000,2.600000,-7.900000,1.900000,299.000000,13.000000,2990.000000,0.000000
Thu Nov 5 15:09:56 GMT 2020,1.000000,9.000000,2.600000,-7.700000,2.500000,299.000000,13.000000,2990.000000,0.000000
Thu Nov 5 15:09:56 GMT 2020,1.000000,9.000000,2.600000,-7.700000,2.500000,299.000000,13.000000,2990.000000,0.000000
Thu Nov 5 15:09:56 GMT 2020,1.000000,9.000000,2.600000,-8.100000,2.500000,299.000000,13.000000,2990.000000,0.000000
Thu Nov 5 15:09:56 GMT 2020,1.000000,9.000000,2.600000,-8.100000,2.500000,299.000000,13.000000,2990.000000,0.000000
Thu Nov 5 15:09:56 GMT 2020,1.000000,9.000000,2.600000,-8.100000,2.500000,299.000000,13.000000,2990.000000,0.000000
Thu Nov 5 15:09:56 GMT 2020,1.000000,9.000000,2.600000,-8.100000,2.500000,299.000000,13.000000,2990.000000,0.000000
Thu Nov 5 15:09:56 GMT 2020,1.000000,9.000000,2.600000,-8.100000,2.500000,299.000000,13.000000,2990.000000,0.000000
Thu Nov 5 15:09:56 GMT 2020,1.000000,9.000000,2.600000,-8.100000,2.500000,299.000000,13.000000,2990.000000,0.000000
Thu Nov 5 15:09:57 GMT 2020,1.000000,9.000000,2.600000,-8.100000,2.500000,299.000000,13.000000,2990.000000,0.000000
Thu Nov 5 15:09:57 GMT 2020,1.000000,9.000000,2.600000,-8.100000,2.500000,299.000000,13.000000,2990.000000,0.000000
Thu Nov 5 15:09:57 GMT 2020,1.000000,9.000000,2.600000,-8.100000,2.200000,299.000000,13.000000,2990.000000,0.000000
Thu Nov 5 15:09:57 GMT 2020,1.000000,9.000000,2.600000,-8.100000,2.200000,299.000000,13.000000,2990.000000,0.000000
Thu Nov 5 15:09:57 GMT 2020,1.000000,9.000000,2.600000,-8.100000,3.100000,299.000000,13.000000,2990.000000,0.000000
Thu Nov 5 15:09:57 GMT 2020,1.000000,9.000000,2.600000,-8.100000,3.100000,299.100000,13.000000,2990.000000,0.000000
Thu Nov 5 15:09:57 GMT 2020,1.000000,9.000000,2.600000,-8.100000,3.100000,299.100000,13.000000,2990.000000,0.000000
Thu Nov 5 15:09:57 GMT 2020,1.000000,9.000000,2.600000,-7.800000,1.900000,299.100000,13.000000,2990.000000,0.000000
Thu Nov 5 15:09:57 GMT 2020,1.000000,9.000000,2.600000,-7.800000,1.900000,299.100000,13.000000,2990.000000,0.000000
Thu Nov 5 15:09:57 GMT 2020,1.000000,9.000000,2.600000,-8.100000,1.900000,299.100000,13.000000,2990.000000,0.000000
Thu Nov 5 15:09:58 GMT 2020,1.000000,9.000000,2.600000,-8.100000,3.100000,299.100000,13.000000,2990.000000,0.000000
Thu Nov 5 15:09:58 GMT 2020,1.000000,9.000000,2.600000,-8.000000,3.100000,299.100000,13.000000,2990.000000,0.000000
Thu Nov 5 15:09:58 GMT 2020,1.000000,9.000000,2.600000,-8.000000,2.500000,299.000000,13.000000,2990.000000,0.000000
Thu Nov 5 15:09:58 GMT 2020,1.000000,9.000000,2.600000,-8.100000,2.200000,299.000000,13.000000,2990.000000,0.000000
Thu Nov 5 15:09:58 GMT 2020,1.000000,9.000000,2.600000,-8.100000,2.200000,299.100000,13.000000,2990.000000,0.000000
Thu Nov 5 15:09:58 GMT 2020,1.000000,9.000000,2.600000,-8.100000,2.200000,299.100000,13.000000,2990.000000,0.000000
Thu Nov 5 15:09:58 GMT 2020,1.000000,9.000000,2.600000,-8.100000,2.200000,299.100000,13.000000,2990.000000,0.000000
Thu Nov 5 15:09:58 GMT 2020,1.000000,9.000000,2.600000,-8.100000,2.200000,299.100000,13.000000,2990.000000,0.000000
Thu Nov 5 15:09:58 GMT 2020,1.000000,9.000000,2.600000,-8.100000,2.200000,299.100000,13.000000,2990.000000,0.000000
Thu Nov 5 15:09:59 GMT 2020,1.000000,9.000000,2.600000,-8.100000,2.200000,299.100000,13.000000,2990.000000,0.000000
Thu Nov 5 15:09:59 GMT 2020,1.000000,9.000000,2.600000,-8.100000,2.200000,299.100000,13.000000,2990.000000,0.000000
Thu Nov 5 15:09:59 GMT 2020,1.000000,9.000000,2.600000,-8.100000,2.200000,299.100000,13.000000,2990.000000,0.000000
Thu Nov 5 15:09:59 GMT 2020,1.000000,9.000000,2.600000,-8.100000,2.200000,299.100000,13.000000,2990.000000,0.000000
Thu Nov 5 15:09:59 GMT 2020,1.000000,9.000000,2.600000,-8.100000,2.200000,299.100000,13.000000,2990.000000,0.000000
Thu Nov 5 15:09:59 GMT 2020,1.000000,9.000000,2.600000,-8.100000,2.200000,299.100000,13.000000,2990.000000,0.000000
Thu Nov 5 15:09:59 GMT 2020,1.000000,9.000000,2.600000,-8.100000,2.200000,299.100000,13.000000,2990.000000,0.000000
Thu Nov 5 15:09:59 GMT 2020,1.000000,9.000000,2.600000,-8.100000,2.200000,299.100000,13.000000,2990.000000,0.000000
Thu Nov 5 15:09:59 GMT 2020,1.000000,9.000000,2.600000,-8.100000,2.200000,299.100000,13.000000,2990.000000,0.000000
Thu Nov 5 15:09:59 GMT 2020,1.000000,9.000000,2.600000,-8.100000,2.200000,299.100000,13.000000,2990.000000,0.000000
Thu Nov 5 15:10:00 GMT 2020,1.000000,9.000000,2.600000,-8.100000,2.200000,299.100000,13.000000,2990.000000,0.000000
Thu Nov 5 15:10:00 GMT 2020,1.000000,9.000000,2.600000,-8.100000,2.200000,299.100000,13.000000,2990.000000,0.000000
Thu Nov 5 15:10:00 GMT 2020,1.000000,9.000000,2.600000,-8.100000,2.200000,299.100000,13.000000,2990.000000,0.000000
Thu Nov 5 15:10:00 GMT 2020,1.000000,9.000000,2.600000,-8.100000,2.200000,299.100000,13.000000,2990.000000,0.000000
Thu Nov 5 15:10:00 GMT 2020,1.000000,9.000000,2.600000,-8.100000,2.200000,299.100000,13.000000,2990.000000,0.000000
Thu Nov 5 15:10:00 GMT 2020,1.000000,9.000000,2.600000,-8.100000,2.200000,299.100000,13.000000,2990.000000,0.000000
Thu Nov 5 15:10:00 GMT 2020,1.000000,9.000000,2.600000,-8.100000,2.200000,299.100000,13.000000,2990.000000,0.000000
Thu Nov 5 15:10:00 GMT 2020,1.000000,9.000000,2.600000,-8.100000,2.200000,299.100000,13.000000,2990.000000,0.000000
Thu Nov 5 15:10:00 GMT 2020,1.000000,9.000000,2.600000,-8.100000,2.200000,299.100000,13.000000,2990.000000,0.000000
Thu Nov 5 15:10:00 GMT 2020,1.000000,9.000000,2.600000,-8.100000,2.200000,299.100000,13.000000,2990.000000,0.000000
Thu Nov 5 15:10:01 GMT 2020,1.000000,9.000000,2.600000,-8.100000,2.200000,299.100000,13.000000,2990.000000,0.000000
Thu Nov 5 15:10:01 GMT 2020,1.000000,9.000000,2.600000,-7.700000,1.900000,299.100000,13.000000,2990.000000,0.000000
Thu Nov 5 15:10:01 GMT 2020,1.000000,9.000000,2.600000,-7.700000,1.900000,299.100000,13.000000,2990.000000,0.000000
Thu Nov 5 15:10:01 GMT 2020,1.000000,9.000000,2.600000,-7.900000,2.200000,299.100000,13.000000,2990.000000,0.000000
Thu Nov 5 15:10:01 GMT 2020,1.000000,9.000000,2.600000,-7.900000,2.200000,299.100000,13.000000,2990.000000,0.000000
Thu Nov 5 15:10:01 GMT 2020,1.000000,9.000000,2.600000,-7.900000,2.200000,299.100000,13.000000,2990.000000,0.000000
Thu Nov 5 15:10:01 GMT 2020,1.000000,9.000000,2.600000,-8.100000,1.900000,299.100000,13.000000,2990.000000,0.000000
Thu Nov 5 15:10:01 GMT 2020,1.000000,9.000000,2.600000,-8.100000,1.900000,299.100000,13.000000,2990.000000,0.000000
Thu Nov 5 15:10:01 GMT 2020,1.000000,9.000000,2.600000,-7.700000,1.900000,299.100000,13.000000,2990.000000,0.000000
Thu Nov 5 15:10:01 GMT 2020,1.000000,9.000000,2.600000,-7.700000,1.900000,299.100000,13.000000,2990.000000,0.000000
Thu Nov 5 15:10:02 GMT 2020,1.000000,9.000000,2.600000,-8.100000,1.900000,299.100000,13.000000,2990.000000,0.000000
Thu Nov 5 15:10:02 GMT 2020,1.000000,9.000000,2.600000,-8.100000,2.500000,299.100000,13.000000,2990.000000,0.000000
Thu Nov 5 15:10:02 GMT 2020,1.000000,9.000000,2.600000,-7.900000,2.500000,299.100000,13.000000,2990.000000,0.000000
Thu Nov 5 15:10:02 GMT 2020,1.000000,9.000000,2.600000,-7.900000,2.500000,299.100000,13.000000,2990.000000,0.000000
Thu Nov 5 15:10:02 GMT 2020,1.000000,9.000000,2.600000,-7.900000,2.500000,299.100000,13.000000,2990.000000,0.000000
Thu Nov 5 15:10:02 GMT 2020,1.000000,9.000000,2.600000,-8.100000,3.100000,299.100000,13.000000,2990.000000,0.000000
Thu Nov 5 15:10:02 GMT 2020,1.000000,9.000000,2.600000,-8.100000,3.100000,299.100000,13.000000,2990.000000,0.000000
Thu Nov 5 15:10:02 GMT 2020,1.000000,9.000000,2.600000,-8.100000,3.100000,299.100000,13.000000,2990.000000,0.000000
Thu Nov 5 15:10:02 GMT 2020,1.000000,9.000000,2.600000,-8.100000,1.900000,299.100000,13.000000,2990.000000,0.000000
Thu Nov 5 15:10:02 GMT 2020,1.000000,9.000000,2.600000,-8.100000,1.900000,299.100000,13.000000,2990.000000,0.000000
Thu Nov 5 15:10:03 GMT 2020,1.000000,9.000000,2.600000,-8.100000,3.100000,299.200000,13.000000,2990.000000,0.000000
Thu Nov 5 15:10:03 GMT 2020,1.000000,9.000000,2.600000,-8.100000,3.100000,299.200000,13.000000,2990.000000,0.000000
Thu Nov 5 15:10:03 GMT 2020,1.000000,9.000000,2.600000,-7.900000,1.900000,299.200000,13.000000,2990.000000,0.000000
Thu Nov 5 15:10:03 GMT 2020,1.000000,9.000000,2.600000,-7.900000,1.900000,299.200000,13.000000,2990.000000,0.000000
Thu Nov 5 15:10:03 GMT 2020,1.000000,9.000000,2.600000,-7.900000,1.900000,299.200000,13.000000,2990.000000,0.000000
Thu Nov 5 15:10:03 GMT 2020,1.000000,9.000000,2.600000,-7.700000,1.900000,299.200000,14.000000,2990.000000,0.000000
Thu Nov 5 15:10:03 GMT 2020,1.000000,9.000000,2.600000,-7.700000,1.900000,299.200000,14.000000,3220.000000,0.000000
Thu Nov 5 15:10:03 GMT 2020,1.000000,9.000000,2.600000,-7.700000,1.900000,299.200000,14.000000,3220.000000,0.000000
Thu Nov 5 15:10:03 GMT 2020,1.000000,9.000000,2.600000,-7.700000,1.900000,299.200000,14.000000,3220.000000,0.000000
Thu Nov 5 15:10:03 GMT 2020,1.000000,9.000000,2.600000,-7.700000,1.900000,299.200000,14.000000,3220.000000,0.000000
Thu Nov 5 15:10:04 GMT 2020,1.000000,9.000000,2.600000,-7.700000,1.900000,299.200000,14.000000,3220.000000,0.000000
Thu Nov 5 15:10:04 GMT 2020,1.000000,9.000000,2.600000,-7.700000,1.900000,299.200000,14.000000,3220.000000,0.000000
Thu Nov 5 15:10:04 GMT 2020,1.000000,9.000000,2.600000,-7.700000,1.900000,299.200000,14.000000,3220.000000,0.000000
Thu Nov 5 15:10:04 GMT 2020,1.000000,9.000000,2.600000,-7.700000,1.900000,299.200000,14.000000,3220.000000,0.000000
Thu Nov 5 15:10:04 GMT 2020,1.000000,9.000000,2.600000,-7.700000,1.900000,299.200000,14.000000,3220.000000,0.000000
Thu Nov 5 15:10:04 GMT 2020,1.000000,9.000000,2.600000,-7.700000,1.900000,299.200000,14.000000,3220.000000,0.000000
Thu Nov 5 15:10:04 GMT 2020,1.000000,9.000000,2.600000,-7.700000,1.900000,299.200000,14.000000,3220.000000,0.000000
Thu Nov 5 15:10:04 GMT 2020,1.000000,9.000000,2.600000,-7.700000,1.900000,299.200000,14.000000,3220.000000,0.000000
Thu Nov 5 15:10:04 GMT 2020,1.000000,9.000000,2.600000,-7.700000,1.900000,299.200000,14.000000,3220.000000,0.000000
Thu Nov 5 15:10:04 GMT 2020,1.000000,9.000000,2.600000,-7.700000,1.900000,299.200000,14.000000,3220.000000,0.000000
Thu Nov 5 15:10:05 GMT 2020,1.000000,9.000000,2.600000,-7.700000,1.900000,299.200000,14.000000,3220.000000,0.000000
Thu Nov 5 15:10:05 GMT 2020,1.000000,9.000000,2.600000,-7.700000,1.900000,299.200000,14.000000,3220.000000,0.000000
Thu Nov 5 15:10:05 GMT 2020,1.000000,9.000000,2.600000,-7.700000,1.900000,299.200000,14.000000,3220.000000,0.000000
Thu Nov 5 15:10:05 GMT 2020,1.000000,9.000000,2.600000,-7.700000,1.900000,299.200000,14.000000,3220.000000,0.000000
Thu Nov 5 15:10:05 GMT 2020,1.000000,9.000000,2.600000,-7.700000,1.900000,299.200000,14.000000,3220.000000,0.000000
Thu Nov 5 15:10:05 GMT 2020,1.000000,9.000000,2.600000,-7.700000,1.900000,299.200000,14.000000,3220.000000,0.000000
Thu Nov 5 15:10:05 GMT 2020,1.000000,9.000000,2.600000,-7.700000,1.900000,299.200000,14.000000,3220.000000,0.000000
Thu Nov 5 15:10:05 GMT 2020,1.000000,9.000000,2.600000,-7.700000,1.900000,299.200000,14.000000,3220.000000,0.000000
Thu Nov 5 15:10:05 GMT 2020,1.000000,9.000000,2.600000,-7.700000,1.900000,299.200000,14.000000,3220.000000,0.000000
Thu Nov 5 15:10:05 GMT 2020,1.000000,9.000000,2.600000,-7.700000,1.900000,299.200000,14.000000,3220.000000,0.000000
Thu Nov 5 15:10:06 GMT 2020,1.000000,9.000000,2.600000,-7.700000,1.900000,299.200000,14.000000,3220.000000,0.000000
Thu Nov 5 15:10:06 GMT 2020,1.000000,9.000000,2.600000,-7.800000,2.200000,299.200000,14.000000,3220.000000,0.000000
Thu Nov 5 15:10:06 GMT 2020,1.000000,9.000000,2.600000,-7.800000,2.200000,299.200000,13.000000,2990.000000,0.000000
Thu Nov 5 15:10:06 GMT 2020,1.000000,9.000000,2.600000,-8.100000,2.200000,299.200000,13.000000,2990.000000,0.000000
Thu Nov 5 15:10:06 GMT 2020,1.000000,9.000000,2.600000,-8.100000,1.900000,299.200000,13.000000,2990.000000,0.000000
Thu Nov 5 15:10:06 GMT 2020,1.000000,9.000000,2.600000,-8.100000,1.900000,299.200000,13.000000,2990.000000,0.000000
Thu Nov 5 15:10:06 GMT 2020,1.000000,9.000000,2.600000,-7.800000,2.500000,299.200000,13.000000,2990.000000,0.000000
Thu Nov 5 15:10:06 GMT 2020,1.000000,9.000000,2.600000,-7.800000,2.500000,299.200000,13.000000,2990.000000,0.000000
Thu Nov 5 15:10:06 GMT 2020,1.000000,9.000000,2.600000,-7.800000,2.500000,299.200000,13.000000,2990.000000,0.000000
Thu Nov 5 15:10:06 GMT 2020,1.000000,9.000000,2.600000,-8.100000,2.800000,299.200000,13.000000,2990.000000,0.000000
Thu Nov 5 15:10:07 GMT 2020,1.000000,9.000000,2.600000,-8.100000,2.800000,299.200000,13.000000,2990.000000,0.000000
Thu Nov 5 15:10:07 GMT 2020,1.000000,9.000000,2.600000,-8.000000,1.900000,299.200000,13.000000,2990.000000,0.000000
Thu Nov 5 15:10:07 GMT 2020,1.000000,9.000000,2.600000,-8.000000,1.900000,299.200000,14.000000,3220.000000,0.000000
Thu Nov 5 15:10:07 GMT 2020,1.000000,9.000000,2.600000,-8.000000,1.900000,299.200000,14.000000,3220.000000,0.000000
Thu Nov 5 15:10:07 GMT 2020,1.000000,9.000000,2.600000,-8.000000,1.900000,299.200000,13.000000,3220.000000,0.000000
Thu Nov 5 15:10:07 GMT 2020,1.000000,9.000000,2.600000,-8.000000,1.900000,299.200000,13.000000,2990.000000,0.000000
Thu Nov 5 15:10:07 GMT 2020,1.000000,9.000000,2.600000,-7.900000,3.100000,299.200000,13.000000,2990.000000,0.000000
Thu Nov 5 15:10:07 GMT 2020,1.000000,9.000000,2.600000,-7.900000,3.100000,299.200000,13.000000,2990.000000,0.000000
Thu Nov 5 15:10:07 GMT 2020,1.000000,9.000000,2.600000,-7.800000,3.100000,299.200000,13.000000,2990.000000,0.000000
Thu Nov 5 15:10:07 GMT 2020,1.000000,9.000000,2.600000,-7.800000,3.100000,299.200000,13.000000,2990.000000,0.000000
Thu Nov 5 15:10:08 GMT 2020,1.000000,9.000000,2.600000,-7.800000,3.100000,299.200000,13.000000,2990.000000,0.000000
Thu Nov 5 15:10:08 GMT 2020,1.000000,9.000000,2.600000,-7.800000,3.100000,299.200000,13.000000,2990.000000,0.000000
Thu Nov 5 15:10:08 GMT 2020,1.000000,9.000000,2.600000,-7.800000,3.100000,299.200000,13.000000,2990.000000,0.000000
Thu Nov 5 15:10:08 GMT 2020,1.000000,9.000000,2.600000,-7.800000,3.100000,299.200000,13.000000,2990.000000,0.000000
Thu Nov 5 15:10:08 GMT 2020,1.000000,9.000000,2.600000,-7.800000,3.100000,299.200000,13.000000,2990.000000,0.000000
Thu Nov 5 15:10:08 GMT 2020,1.000000,9.000000,2.600000,-7.800000,3.100000,299.200000,13.000000,2990.000000,0.000000
Thu Nov 5 15:10:08 GMT 2020,1.000000,9.000000,2.600000,-7.800000,3.100000,299.200000,13.000000,2990.000000,0.000000
Thu Nov 5 15:10:08 GMT 2020,1.000000,9.000000,2.600000,-7.800000,3.100000,299.200000,13.000000,2990.000000,0.000000
Thu Nov 5 15:10:08 GMT 2020,1.000000,9.000000,2.600000,-7.800000,3.100000,299.200000,13.000000,2990.000000,0.000000
Thu Nov 5 15:10:08 GMT 2020,1.000000,9.000000,2.600000,-7.800000,3.100000,299.200000,13.000000,2990.000000,0.000000
Thu Nov 5 15:10:09 GMT 2020,1.000000,9.000000,2.600000,-8.100000,1.900000,299.200000,13.000000,2990.000000,0.000000
Thu Nov 5 15:10:09 GMT 2020,1.000000,9.000000,2.600000,-8.100000,1.900000,299.200000,13.000000,2990.000000,0.000000
Thu Nov 5 15:10:09 GMT 2020,1.000000,9.000000,2.600000,-8.000000,2.800000,299.300000,13.000000,2990.000000,0.000000
Thu Nov 5 15:10:09 GMT 2020,1.000000,9.000000,2.600000,-8.000000,2.800000,299.300000,13.000000,2990.000000,0.000000
Thu Nov 5 15:10:09 GMT 2020,1.000000,9.000000,2.600000,-8.000000,1.900000,299.300000,13.000000,2990.000000,0.000000
Thu Nov 5 15:10:09 GMT 2020,1.000000,9.000000,2.600000,-8.000000,1.900000,299.300000,14.000000,3220.000000,0.000000
Thu Nov 5 15:10:09 GMT 2020,1.000000,9.000000,2.600000,-8.000000,1.900000,299.300000,14.000000,3220.000000,0.000000
Thu Nov 5 15:10:09 GMT 2020,1.000000,9.000000,2.600000,-8.000000,1.900000,299.300000,14.000000,3220.000000,0.000000
Thu Nov 5 15:10:09 GMT 2020,1.000000,9.000000,2.600000,-8.000000,1.900000,299.300000,14.000000,3220.000000,0.000000
Thu Nov 5 15:10:09 GMT 2020,1.000000,9.000000,2.600000,-8.000000,1.900000,299.300000,14.000000,3220.000000,0.000000
Thu Nov 5 15:10:10 GMT 2020,1.000000,9.000000,2.600000,-8.000000,1.900000,299.300000,14.000000,3220.000000,0.000000
Thu Nov 5 15:10:10 GMT 2020,1.000000,9.000000,2.600000,-8.000000,1.900000,299.300000,14.000000,3220.000000,0.000000
Thu Nov 5 15:10:10 GMT 2020,1.000000,9.000000,2.600000,-8.000000,1.900000,299.300000,14.000000,3220.000000,0.000000
Thu Nov 5 15:10:10 GMT 2020,1.000000,9.000000,2.600000,-8.000000,1.900000,299.300000,14.000000,3220.000000,0.000000
Thu Nov 5 15:10:10 GMT 2020,1.000000,9.000000,2.600000,-8.000000,1.900000,299.300000,14.000000,3220.000000,0.000000
Thu Nov 5 15:10:10 GMT 2020,1.000000,9.000000,2.600000,-8.000000,1.900000,299.300000,14.000000,3220.000000,0.000000
Thu Nov 5 15:10:10 GMT 2020,1.000000,9.000000,2.600000,-8.000000,1.900000,299.300000,14.000000,3220.000000,0.000000
Thu Nov 5 15:10:10 GMT 2020,1.000000,9.000000,2.600000,-8.000000,1.900000,299.300000,14.000000,3220.000000,0.000000
Thu Nov 5 15:10:10 GMT 2020,1.000000,9.000000,2.600000,-8.000000,1.900000,299.300000,14.000000,3220.000000,0.000000
Thu Nov 5 15:10:10 GMT 2020,1.000000,9.000000,2.600000,-8.000000,1.900000,299.300000,14.000000,3220.000000,0.000000
Thu Nov 5 15:10:11 GMT 2020,1.000000,9.000000,2.600000,-8.000000,1.900000,299.300000,14.000000,3220.000000,0.000000
Thu Nov 5 15:10:11 GMT 2020,1.000000,9.000000,2.600000,-8.000000,1.900000,299.300000,14.000000,3220.000000,0.000000
Thu Nov 5 15:10:11 GMT 2020,1.000000,9.000000,2.600000,-8.000000,1.900000,299.300000,14.000000,3220.000000,0.000000
Thu Nov 5 15:10:11 GMT 2020,1.000000,9.000000,2.600000,-8.000000,1.900000,299.300000,13.000000,2990.000000,0.000000
Thu Nov 5 15:10:11 GMT 2020,1.000000,9.000000,2.600000,-8.100000,2.500000,299.300000,13.000000,2990.000000,0.000000
Thu Nov 5 15:10:11 GMT 2020,1.000000,9.000000,2.600000,-8.100000,2.500000,299.200000,13.000000,2990.000000,0.000000
Thu Nov 5 15:10:11 GMT 2020,1.000000,9.000000,2.600000,-8.100000,2.500000,299.200000,13.000000,2990.000000,0.000000
Thu Nov 5 15:10:11 GMT 2020,1.000000,9.000000,2.600000,-7.700000,1.900000,299.300000,13.000000,2990.000000,0.000000
Thu Nov 5 15:10:11 GMT 2020,1.000000,9.000000,2.600000,-7.700000,1.900000,299.300000,13.000000,2990.000000,0.000000
Thu Nov 5 15:10:11 GMT 2020,1.000000,9.000000,2.600000,-7.700000,1.900000,299.300000,13.000000,2990.000000,0.000000
Thu Nov 5 15:10:12 GMT 2020,1.000000,9.000000,2.600000,-7.700000,1.900000,299.300000,13.000000,2990.000000,0.000000
Thu Nov 5 15:10:12 GMT 2020,1.000000,9.000000,2.600000,-7.700000,1.900000,299.300000,13.000000,2990.000000,0.000000
Thu Nov 5 15:10:12 GMT 2020,1.000000,9.000000,2.600000,-7.700000,1.900000,299.300000,13.000000,2990.000000,0.000000
Thu Nov 5 15:10:12 GMT 2020,1.000000,9.000000,2.600000,-7.700000,1.900000,299.300000,13.000000,2990.000000,0.000000
Thu Nov 5 15:10:12 GMT 2020,1.000000,9.000000,2.600000,-7.700000,1.900000,299.300000,13.000000,2990.000000,0.000000
Thu Nov 5 15:10:12 GMT 2020,1.000000,9.000000,2.600000,-7.700000,1.900000,299.300000,13.000000,2990.000000,0.000000
Thu Nov 5 15:10:12 GMT 2020,1.000000,9.000000,2.600000,-7.700000,1.900000,299.300000,13.000000,2990.000000,0.000000
Thu Nov 5 15:10:12 GMT 2020,1.000000,9.000000,2.600000,-7.700000,1.900000,299.300000,13.000000,2990.000000,0.000000
Thu Nov 5 15:10:12 GMT 2020,1.000000,9.000000,2.600000,-7.700000,1.900000,299.300000,13.000000,2990.000000,0.000000
Thu Nov 5 15:10:12 GMT 2020,1.000000,9.000000,2.600000,-7.700000,1.900000,299.300000,13.000000,2990.000000,0.000000
Thu Nov 5 15:10:13 GMT 2020,1.000000,9.000000,2.600000,-7.700000,1.900000,299.300000,13.000000,2990.000000,0.000000
Thu Nov 5 15:10:13 GMT 2020,1.000000,9.000000,2.600000,-7.700000,1.900000,299.300000,13.000000,2990.000000,0.000000
Thu Nov 5 15:10:13 GMT 2020,1.000000,9.000000,2.600000,-7.700000,1.900000,299.300000,13.000000,2990.000000,0.000000
Thu Nov 5 15:10:13 GMT 2020,1.000000,9.000000,2.600000,-7.700000,1.900000,299.300000,13.000000,2990.000000,0.000000
Thu Nov 5 15:10:13 GMT 2020,1.000000,9.000000,2.600000,-7.700000,1.900000,299.300000,13.000000,2990.000000,0.000000
Thu Nov 5 15:10:13 GMT 2020,1.000000,9.000000,2.600000,-8.100000,2.200000,299.300000,13.000000,2990.000000,0.000000
Thu Nov 5 15:10:13 GMT 2020,1.000000,9.000000,2.600000,-8.100000,2.200000,299.300000,13.000000,2990.000000,0.000000
Thu Nov 5 15:10:13 GMT 2020,1.000000,9.000000,2.600000,-7.800000,2.200000,299.300000,13.000000,2990.000000,0.000000
Thu Nov 5 15:10:13 GMT 2020,1.000000,9.000000,2.600000,-7.800000,2.200000,299.300000,13.000000,2990.000000,0.000000
Thu Nov 5 15:10:14 GMT 2020,1.000000,9.000000,2.600000,-7.800000,2.200000,299.300000,13.000000,2990.000000,0.000000
Thu Nov 5 15:10:14 GMT 2020,1.000000,9.000000,2.600000,-7.800000,2.200000,299.300000,13.000000,2990.000000,0.000000
Thu Nov 5 15:10:14 GMT 2020,1.000000,9.000000,2.600000,-7.800000,2.200000,299.300000,13.000000,2990.000000,0.000000
Thu Nov 5 15:10:14 GMT 2020,1.000000,9.000000,2.600000,-7.800000,2.200000,299.300000,13.000000,2990.000000,0.000000
Thu Nov 5 15:10:14 GMT 2020,1.000000,9.000000,2.600000,-7.800000,2.200000,299.300000,13.000000,2990.000000,0.000000
Thu Nov 5 15:10:14 GMT 2020,1.000000,9.000000,2.600000,-7.800000,2.200000,299.300000,13.000000,2990.000000,0.000000
Thu Nov 5 15:10:14 GMT 2020,1.000000,9.000000,2.600000,-7.800000,2.200000,299.300000,13.000000,2990.000000,0.000000
Thu Nov 5 15:10:14 GMT 2020,1.000000,9.000000,2.600000,-7.800000,2.200000,299.300000,13.000000,2990.000000,0.000000
Thu Nov 5 15:10:14 GMT 2020,1.000000,9.000000,2.600000,-7.800000,2.200000,299.300000,13.000000,2990.000000,0.000000
Thu Nov 5 15:10:14 GMT 2020,1.000000,9.000000,2.600000,-7.800000,2.200000,299.300000,13.000000,2990.000000,0.000000
Thu Nov 5 15:10:15 GMT 2020,1.000000,9.000000,2.600000,-7.800000,2.200000,299.300000,13.000000,2990.000000,0.000000
Thu Nov 5 15:10:15 GMT 2020,1.000000,9.000000,2.600000,-7.800000,2.200000,299.300000,13.000000,2990.000000,0.000000
Thu Nov 5 15:10:15 GMT 2020,1.000000,9.000000,2.600000,-7.800000,2.200000,299.300000,13.000000,2990.000000,0.000000
Thu Nov 5 15:10:15 GMT 2020,1.000000,9.000000,2.600000,-7.800000,2.200000,299.300000,13.000000,2990.000000,0.000000
Thu Nov 5 15:10:15 GMT 2020,1.000000,9.000000,2.600000,-7.800000,2.200000,299.300000,13.000000,2990.000000,0.000000
Thu Nov 5 15:10:15 GMT 2020,1.000000,9.000000,2.600000,-7.800000,2.200000,299.300000,13.000000,2990.000000,0.000000
Thu Nov 5 15:10:15 GMT 2020,1.000000,9.000000,2.600000,-7.800000,2.200000,299.300000,13.000000,2990.000000,0.000000
Thu Nov 5 15:10:15 GMT 2020,1.000000,9.000000,2.600000,-7.800000,2.200000,299.300000,13.000000,2990.000000,0.000000
Thu Nov 5 15:10:15 GMT 2020,1.000000,9.000000,2.600000,-7.800000,2.200000,299.300000,13.000000,2990.000000,0.000000
Thu Nov 5 15:10:15 GMT 2020,1.000000,9.000000,2.600000,-7.800000,2.200000,299.300000,13.000000,2990.000000,0.000000
Thu Nov 5 15:10:16 GMT 2020,1.000000,9.000000,2.600000,-7.800000,2.200000,299.300000,13.000000,2990.000000,0.000000
Thu Nov 5 15:10:16 GMT 2020,1.000000,9.000000,2.600000,-7.800000,2.200000,299.300000,13.000000,2990.000000,0.000000
Thu Nov 5 15:10:16 GMT 2020,1.000000,9.000000,2.600000,-7.800000,2.200000,299.300000,13.000000,2990.000000,0.000000
Thu Nov 5 15:10:16 GMT 2020,1.000000,9.000000,2.600000,-7.800000,2.200000,299.300000,13.000000,2990.000000,0.000000
Thu Nov 5 15:10:16 GMT 2020,1.000000,9.000000,16.200000,-7.800000,2.200000,299.300000,13.000000,2990.000000,0.000000
Thu Nov 5 15:10:16 GMT 2020,1.000000,9.000000,16.200000,1.000000,2.900000,297.900000,80.000000,2990.000000,0.000000
Thu Nov 5 15:10:16 GMT 2020,1.000000,9.000000,16.200000,1.000000,2.900000,297.900000,80.000000,18400.000000,0.000000
Thu Nov 5 15:10:16 GMT 2020,1.000000,56.000000,17.200000,1.000000,2.900000,297.900000,80.000000,18400.000000,0.000000
Thu Nov 5 15:10:16 GMT 2020,1.000000,56.000000,17.200000,1.000000,2.900000,297.900000,80.000000,18400.000000,0.000000
Thu Nov 5 15:10:16 GMT 2020,1.000000,56.000000,17.200000,1.000000,2.900000,297.900000,80.000000,18400.000000,0.000000
Thu Nov 5 15:10:17 GMT 2020,1.000000,56.000000,17.200000,1.000000,2.900000,297.900000,80.000000,18400.000000,0.000000
Thu Nov 5 15:10:17 GMT 2020,1.000000,56.000000,17.200000,1.000000,2.900000,297.900000,80.000000,18400.000000,0.000000
Thu Nov 5 15:10:17 GMT 2020,1.000000,56.000000,17.200000,1.000000,2.900000,297.900000,80.000000,18400.000000,0.000000
Thu Nov 5 15:10:17 GMT 2020,1.000000,56.000000,17.200000,1.000000,2.900000,297.900000,80.000000,18400.000000,0.000000
Thu Nov 5 15:10:17 GMT 2020,1.000000,56.000000,17.200000,1.000000,2.900000,297.900000,80.000000,18400.000000,0.000000
Thu Nov 5 15:10:17 GMT 2020,1.000000,56.000000,17.200000,1.000000,2.900000,297.900000,80.000000,18400.000000,0.000000
Thu Nov 5 15:10:17 GMT 2020,1.000000,56.000000,17.200000,1.000000,2.900000,297.900000,80.000000,18400.000000,0.000000
Thu Nov 5 15:10:17 GMT 2020,1.000000,56.000000,17.200000,1.000000,2.900000,297.900000,80.000000,18400.000000,0.000000
Thu Nov 5 15:10:17 GMT 2020,1.000000,56.000000,17.200000,1.000000,2.900000,297.900000,80.000000,18400.000000,0.000000
Thu Nov 5 15:10:17 GMT 2020,1.000000,56.000000,17.200000,1.000000,2.900000,297.900000,80.000000,18400.000000,0.000000
Thu Nov 5 15:10:18 GMT 2020,1.000000,56.000000,17.200000,1.000000,2.900000,297.900000,80.000000,18400.000000,0.000000
Thu Nov 5 15:10:18 GMT 2020,1.000000,56.000000,17.200000,1.100000,-3.200000,297.900000,80.000000,18400.000000,0.000000
Thu Nov 5 15:10:18 GMT 2020,1.000000,56.000000,17.200000,1.100000,-3.200000,297.900000,80.000000,18400.000000,0.000000
Thu Nov 5 15:10:18 GMT 2020,1.000000,56.000000,17.200000,1.100000,-3.200000,297.900000,80.000000,18400.000000,0.000000
Thu Nov 5 15:10:18 GMT 2020,1.000000,56.000000,17.200000,1.100000,-3.200000,297.900000,80.000000,18400.000000,0.000000
Thu Nov 5 15:10:18 GMT 2020,1.000000,56.000000,17.200000,1.000000,2.900000,297.900000,80.000000,18400.000000,0.000000
Thu Nov 5 15:10:18 GMT 2020,1.000000,56.000000,17.200000,1.000000,2.900000,297.900000,80.000000,18400.000000,0.000000
Thu Nov 5 15:10:18 GMT 2020,1.000000,56.000000,17.200000,1.000000,2.900000,297.900000,80.000000,18400.000000,0.000000
Thu Nov 5 15:10:18 GMT 2020,1.000000,56.000000,17.200000,1.000000,2.900000,297.900000,80.000000,18400.000000,0.000000
Thu Nov 5 15:10:18 GMT 2020,1.000000,56.000000,17.200000,1.000000,2.900000,297.900000,80.000000,18400.000000,0.000000
Thu Nov 5 15:10:19 GMT 2020,1.000000,56.000000,17.200000,1.000000,2.900000,297.900000,80.000000,18400.000000,0.000000
Thu Nov 5 15:10:19 GMT 2020,1.000000,56.000000,17.200000,1.000000,2.900000,297.900000,80.000000,18400.000000,0.000000
Thu Nov 5 15:10:19 GMT 2020,1.000000,56.000000,17.200000,1.000000,2.900000,297.900000,80.000000,18400.000000,0.000000
Thu Nov 5 15:10:19 GMT 2020,1.000000,56.000000,17.200000,1.000000,2.900000,297.900000,80.000000,18400.000000,0.000000
Thu Nov 5 15:10:19 GMT 2020,1.000000,56.000000,17.200000,1.000000,2.900000,297.900000,80.000000,18400.000000,0.000000
Thu Nov 5 15:10:19 GMT 2020,1.000000,56.000000,17.200000,1.000000,2.900000,297.900000,80.000000,18400.000000,0.000000
Thu Nov 5 15:10:19 GMT 2020,1.000000,56.000000,17.200000,1.000000,2.900000,297.900000,80.000000,18400.000000,0.000000
Thu Nov 5 15:10:19 GMT 2020,1.000000,56.000000,17.200000,1.000000,2.900000,297.900000,80.000000,18400.000000,0.000000
Thu Nov 5 15:10:19 GMT 2020,1.000000,56.000000,17.200000,1.000000,2.900000,297.900000,80.000000,18400.000000,0.000000
Thu Nov 5 15:10:19 GMT 2020,1.000000,56.000000,17.200000,1.000000,2.900000,297.900000,80.000000,18400.000000,0.000000
Thu Nov 5 15:10:20 GMT 2020,1.000000,56.000000,17.200000,1.000000,2.900000,297.900000,80.000000,18400.000000,0.000000
Thu Nov 5 15:10:20 GMT 2020,1.000000,56.000000,17.200000,1.000000,2.900000,297.900000,80.000000,18400.000000,0.000000
Thu Nov 5 15:10:20 GMT 2020,1.000000,56.000000,17.200000,1.000000,2.900000,297.900000,80.000000,18400.000000,0.000000
Thu Nov 5 15:10:20 GMT 2020,1.000000,56.000000,17.200000,1.000000,2.900000,297.900000,80.000000,18400.000000,0.000000
Thu Nov 5 15:10:20 GMT 2020,1.000000,56.000000,17.200000,1.000000,2.900000,297.900000,80.000000,18400.000000,0.000000
Thu Nov 5 15:10:20 GMT 2020,1.000000,56.000000,17.200000,1.000000,2.900000,297.900000,80.000000,18400.000000,0.000000
Thu Nov 5 15:10:20 GMT 2020,1.000000,56.000000,17.200000,1.000000,2.900000,297.900000,80.000000,18400.000000,0.000000
Thu Nov 5 15:10:20 GMT 2020,1.000000,56.000000,17.200000,1.000000,2.900000,297.900000,80.000000,18400.000000,0.000000
Thu Nov 5 15:10:20 GMT 2020,1.000000,56.000000,17.200000,1.000000,2.900000,297.900000,80.000000,18400.000000,0.000000
Thu Nov 5 15:10:20 GMT 2020,1.000000,56.000000,17.200000,1.000000,2.900000,297.800000,80.000000,18400.000000,0.000000
Thu Nov 5 15:10:21 GMT 2020,1.000000,56.000000,17.200000,1.000000,2.900000,297.800000,80.000000,18400.000000,0.000000
Thu Nov 5 15:10:21 GMT 2020,1.000000,56.000000,17.200000,1.000000,2.900000,297.900000,80.000000,18400.000000,0.000000
Thu Nov 5 15:10:21 GMT 2020,1.000000,56.000000,17.200000,1.000000,2.900000,297.900000,80.000000,18400.000000,0.000000
Thu Nov 5 15:10:21 GMT 2020,1.000000,56.000000,17.200000,1.000000,2.900000,297.900000,80.000000,18400.000000,0.000000
Thu Nov 5 15:10:21 GMT 2020,1.000000,56.000000,17.200000,1.000000,2.900000,297.900000,80.000000,18400.000000,0.000000
Thu Nov 5 15:10:21 GMT 2020,1.000000,56.000000,17.200000,1.000000,2.900000,297.900000,80.000000,18400.000000,0.000000
Thu Nov 5 15:10:21 GMT 2020,1.000000,56.000000,17.200000,1.000000,2.900000,297.900000,80.000000,18400.000000,0.000000
Thu Nov 5 15:10:21 GMT 2020,1.000000,56.000000,17.200000,1.000000,2.900000,297.900000,80.000000,18400.000000,0.000000
Thu Nov 5 15:10:21 GMT 2020,1.000000,56.000000,17.200000,1.000000,2.900000,297.900000,80.000000,18400.000000,0.000000
Thu Nov 5 15:10:21 GMT 2020,1.000000,56.000000,17.200000,1.000000,2.900000,297.900000,80.000000,18400.000000,0.000000
Thu Nov 5 15:10:22 GMT 2020,1.000000,56.000000,17.200000,1.000000,2.900000,297.900000,80.000000,18400.000000,0.000000
Thu Nov 5 15:10:22 GMT 2020,1.000000,56.000000,17.200000,1.000000,2.900000,297.900000,80.000000,18400.000000,0.000000
Thu Nov 5 15:10:22 GMT 2020,1.000000,56.000000,17.200000,1.000000,2.900000,297.900000,80.000000,18400.000000,0.000000
Thu Nov 5 15:10:22 GMT 2020,1.000000,56.000000,17.200000,1.000000,2.900000,297.900000,80.000000,18400.000000,0.000000
Thu Nov 5 15:10:22 GMT 2020,1.000000,56.000000,17.200000,1.000000,2.900000,297.900000,80.000000,18400.000000,0.000000
Thu Nov 5 15:10:22 GMT 2020,1.000000,56.000000,17.200000,1.000000,2.900000,297.900000,80.000000,18400.000000,0.000000
Thu Nov 5 15:10:22 GMT 2020,1.000000,56.000000,17.200000,1.000000,2.900000,297.900000,80.000000,18400.000000,0.000000
Thu Nov 5 15:10:22 GMT 2020,1.000000,56.000000,17.200000,1.000000,2.900000,297.900000,80.000000,18400.000000,0.000000
Thu Nov 5 15:10:22 GMT 2020,1.000000,56.000000,17.200000,1.000000,2.900000,297.900000,80.000000,18400.000000,0.000000
Thu Nov 5 15:10:22 GMT 2020,1.000000,56.000000,17.200000,1.000000,2.900000,297.900000,80.000000,18400.000000,0.000000
Thu Nov 5 15:10:23 GMT 2020,1.000000,56.000000,17.200000,1.000000,2.900000,297.900000,80.000000,18400.000000,0.000000
Thu Nov 5 15:10:23 GMT 2020,1.000000,56.000000,17.200000,1.000000,2.900000,297.900000,80.000000,18400.000000,0.000000
Thu Nov 5 15:10:23 GMT 2020,1.000000,56.000000,17.200000,1.000000,2.900000,297.900000,80.000000,18400.000000,0.000000
Thu Nov 5 15:10:23 GMT 2020,1.000000,56.000000,17.200000,1.000000,2.900000,297.900000,80.000000,18400.000000,0.000000
Thu Nov 5 15:10:23 GMT 2020,1.000000,56.000000,17.200000,1.000000,2.900000,297.900000,80.000000,18400.000000,0.000000
Thu Nov 5 15:10:23 GMT 2020,1.000000,56.000000,17.200000,1.000000,2.900000,297.900000,80.000000,18400.000000,0.000000
Thu Nov 5 15:10:23 GMT 2020,1.000000,56.000000,17.200000,1.000000,2.900000,297.900000,80.000000,18400.000000,0.000000
Thu Nov 5 15:10:23 GMT 2020,1.000000,56.000000,17.200000,1.000000,2.900000,297.800000,80.000000,18400.000000,0.000000
Thu Nov 5 15:10:23 GMT 2020,1.000000,56.000000,17.200000,1.000000,2.900000,297.800000,80.000000,18400.000000,0.000000
Thu Nov 5 15:10:23 GMT 2020,1.000000,56.000000,17.200000,1.000000,2.900000,297.800000,80.000000,18400.000000,0.000000
Thu Nov 5 15:10:24 GMT 2020,1.000000,56.000000,17.200000,1.000000,2.900000,297.800000,80.000000,18400.000000,0.000000
Thu Nov 5 15:10:24 GMT 2020,1.000000,56.000000,17.200000,1.000000,2.900000,297.800000,80.000000,18400.000000,0.000000
Thu Nov 5 15:10:24 GMT 2020,1.000000,56.000000,17.200000,1.000000,2.900000,297.800000,80.000000,18400.000000,0.000000
Thu Nov 5 15:10:24 GMT 2020,1.000000,56.000000,17.200000,1.000000,2.900000,297.800000,80.000000,18400.000000,0.000000
Thu Nov 5 15:10:24 GMT 2020,1.000000,56.000000,17.200000,1.000000,2.900000,297.800000,80.000000,18400.000000,0.000000
Thu Nov 5 15:10:24 GMT 2020,1.000000,56.000000,17.200000,1.000000,2.900000,297.800000,80.000000,18400.000000,0.000000
Thu Nov 5 15:10:24 GMT 2020,1.000000,56.000000,17.200000,1.000000,2.900000,297.800000,80.000000,18400.000000,0.000000
Thu Nov 5 15:10:24 GMT 2020,1.000000,56.000000,17.200000,1.000000,2.900000,297.800000,80.000000,18400.000000,0.000000
Thu Nov 5 15:10:24 GMT 2020,1.000000,56.000000,17.200000,1.000000,2.900000,297.800000,80.000000,18400.000000,0.000000
Thu Nov 5 15:10:24 GMT 2020,1.000000,56.000000,17.200000,1.000000,2.900000,297.800000,80.000000,18400.000000,0.000000
Thu Nov 5 15:10:25 GMT 2020,1.000000,56.000000,17.200000,1.000000,2.900000,297.800000,80.000000,18400.000000,0.000000
Thu Nov 5 15:10:25 GMT 2020,1.000000,56.000000,17.200000,1.000000,2.900000,297.800000,80.000000,18400.000000,0.000000
Thu Nov 5 15:10:25 GMT 2020,1.000000,56.000000,17.200000,1.000000,2.900000,297.800000,80.000000,18400.000000,0.000000
Thu Nov 5 15:10:25 GMT 2020,1.000000,56.000000,17.200000,1.000000,2.900000,297.800000,80.000000,18400.000000,0.000000
Thu Nov 5 15:10:25 GMT 2020,1.000000,56.000000,17.200000,1.000000,2.900000,297.800000,80.000000,18400.000000,0.000000
Thu Nov 5 15:10:25 GMT 2020,1.000000,56.000000,17.200000,1.000000,2.900000,297.800000,80.000000,18400.000000,0.000000
Thu Nov 5 15:10:25 GMT 2020,1.000000,56.000000,17.200000,1.000000,2.900000,297.800000,80.000000,18400.000000,0.000000
Thu Nov 5 15:10:25 GMT 2020,1.000000,56.000000,17.200000,1.000000,2.900000,297.800000,80.000000,18400.000000,0.000000
Thu Nov 5 15:10:25 GMT 2020,1.000000,56.000000,17.200000,1.000000,2.900000,297.800000,80.000000,18400.000000,0.000000
Thu Nov 5 15:10:25 GMT 2020,1.000000,56.000000,17.200000,1.000000,2.900000,297.800000,80.000000,18400.000000,0.000000
Thu Nov 5 15:10:26 GMT 2020,1.000000,56.000000,17.200000,1.000000,2.900000,297.800000,80.000000,18400.000000,0.000000
Thu Nov 5 15:10:26 GMT 2020,1.000000,56.000000,17.200000,1.000000,2.900000,297.800000,80.000000,18400.000000,0.000000
Thu Nov 5 15:10:26 GMT 2020,1.000000,56.000000,17.200000,1.000000,2.900000,297.800000,80.000000,18400.000000,0.000000
Thu Nov 5 15:10:26 GMT 2020,1.000000,56.000000,17.200000,1.000000,2.900000,297.800000,80.000000,18400.000000,0.000000
Thu Nov 5 15:10:26 GMT 2020,1.000000,56.000000,17.200000,1.000000,2.900000,297.800000,80.000000,18400.000000,0.000000
Thu Nov 5 15:10:26 GMT 2020,1.000000,56.000000,17.200000,1.000000,2.900000,297.800000,80.000000,18400.000000,0.000000
Thu Nov 5 15:10:26 GMT 2020,1.000000,56.000000,17.200000,1.000000,2.900000,297.800000,80.000000,18400.000000,0.000000
Thu Nov 5 15:10:26 GMT 2020,1.000000,56.000000,17.200000,1.000000,2.900000,297.800000,80.000000,18400.000000,0.000000
Thu Nov 5 15:10:26 GMT 2020,1.000000,56.000000,17.200000,1.000000,2.900000,297.800000,80.000000,18400.000000,0.000000
Thu Nov 5 15:10:26 GMT 2020,1.000000,56.000000,17.200000,1.000000,2.900000,297.800000,80.000000,18400.000000,0.000000
Thu Nov 5 15:10:27 GMT 2020,1.000000,56.000000,17.200000,1.000000,2.900000,297.800000,80.000000,18400.000000,0.000000
Thu Nov 5 15:10:27 GMT 2020,1.000000,56.000000,17.200000,1.000000,2.900000,297.800000,80.000000,18400.000000,0.000000
Thu Nov 5 15:10:27 GMT 2020,1.000000,56.000000,17.200000,1.000000,2.900000,297.800000,80.000000,18400.000000,0.000000
Thu Nov 5 15:10:27 GMT 2020,1.000000,56.000000,17.200000,1.000000,2.900000,297.800000,80.000000,18400.000000,0.000000
Thu Nov 5 15:10:27 GMT 2020,1.000000,56.000000,17.200000,1.000000,2.900000,297.800000,80.000000,18400.000000,0.000000
Thu Nov 5 15:10:27 GMT 2020,1.000000,56.000000,17.200000,1.000000,2.900000,297.800000,80.000000,18400.000000,0.000000
Thu Nov 5 15:10:27 GMT 2020,1.000000,56.000000,17.200000,1.000000,2.900000,297.800000,80.000000,18400.000000,0.000000
Thu Nov 5 15:10:27 GMT 2020,1.000000,56.000000,17.200000,1.100000,2.900000,297.800000,80.000000,18400.000000,0.000000
Thu Nov 5 15:10:27 GMT 2020,1.000000,56.000000,17.200000,1.100000,2.900000,297.800000,80.000000,18400.000000,0.000000
Thu Nov 5 15:10:27 GMT 2020,1.000000,56.000000,17.200000,1.100000,2.900000,297.800000,80.000000,18400.000000,0.000000
Thu Nov 5 15:10:28 GMT 2020,1.000000,56.000000,17.200000,1.100000,2.900000,297.800000,80.000000,18400.000000,0.000000
Thu Nov 5 15:10:28 GMT 2020,1.000000,56.000000,17.200000,1.100000,2.900000,297.800000,80.000000,18400.000000,0.000000
Thu Nov 5 15:10:28 GMT 2020,1.000000,56.000000,17.200000,1.100000,2.900000,297.800000,80.000000,18400.000000,0.000000
Thu Nov 5 15:10:28 GMT 2020,1.000000,56.000000,17.200000,1.100000,2.900000,297.800000,80.000000,18400.000000,0.000000
Thu Nov 5 15:10:28 GMT 2020,1.000000,56.000000,17.200000,1.100000,2.900000,297.800000,80.000000,18400.000000,0.000000
Thu Nov 5 15:10:28 GMT 2020,1.000000,56.000000,17.200000,1.100000,2.900000,297.800000,80.000000,18400.000000,0.000000
Thu Nov 5 15:10:28 GMT 2020,1.000000,56.000000,17.200000,1.100000,2.900000,297.800000,80.000000,18400.000000,0.000000
Thu Nov 5 15:10:28 GMT 2020,1.000000,56.000000,17.200000,1.100000,2.900000,297.800000,80.000000,18400.000000,0.000000
Thu Nov 5 15:10:28 GMT 2020,1.000000,56.000000,17.200000,1.100000,2.900000,297.800000,80.000000,18400.000000,0.000000
Thu Nov 5 15:10:29 GMT 2020,1.000000,56.000000,17.200000,1.100000,2.900000,297.800000,80.000000,18400.000000,0.000000
Thu Nov 5 15:10:29 GMT 2020,1.000000,56.000000,17.200000,1.100000,2.900000,297.800000,80.000000,18400.000000,0.000000
Thu Nov 5 15:10:29 GMT 2020,1.000000,56.000000,17.200000,1.100000,2.900000,297.800000,80.000000,18400.000000,0.000000
Thu Nov 5 15:10:29 GMT 2020,1.000000,56.000000,17.200000,1.100000,2.900000,297.800000,80.000000,18400.000000,0.000000
Thu Nov 5 15:10:29 GMT 2020,1.000000,56.000000,17.200000,1.100000,2.900000,297.800000,80.000000,18400.000000,0.000000
Thu Nov 5 15:10:29 GMT 2020,1.000000,56.000000,17.200000,1.100000,2.900000,297.800000,80.000000,18400.000000,0.000000
Thu Nov 5 15:10:29 GMT 2020,1.000000,56.000000,17.200000,1.100000,2.900000,297.800000,80.000000,18400.000000,0.000000
Thu Nov 5 15:10:29 GMT 2020,1.000000,56.000000,17.200000,1.100000,2.900000,297.800000,80.000000,18400.000000,0.000000
Thu Nov 5 15:10:29 GMT 2020,1.000000,56.000000,17.200000,1.100000,2.900000,297.800000,80.000000,18400.000000,0.000000
Thu Nov 5 15:10:29 GMT 2020,1.000000,56.000000,17.200000,1.100000,2.900000,297.800000,80.000000,18400.000000,0.000000
Thu Nov 5 15:10:30 GMT 2020,1.000000,56.000000,17.200000,1.100000,2.900000,297.800000,80.000000,18400.000000,0.000000
Thu Nov 5 15:10:30 GMT 2020,1.000000,56.000000,17.200000,1.100000,2.900000,297.800000,80.000000,18400.000000,0.000000
Thu Nov 5 15:10:30 GMT 2020,1.000000,56.000000,17.200000,1.100000,2.900000,297.800000,80.000000,18400.000000,0.000000
Thu Nov 5 15:10:30 GMT 2020,1.000000,56.000000,17.200000,1.100000,2.900000,297.800000,80.000000,18400.000000,0.000000
Thu Nov 5 15:10:30 GMT 2020,1.000000,56.000000,28.800000,1.100000,2.900000,297.800000,80.000000,18400.000000,0.000000
Thu Nov 5 15:10:30 GMT 2020,1.000000,56.000000,28.800000,1.000000,2.900000,297.800000,80.000000,18400.000000,0.000000
Thu Nov 5 15:10:30 GMT 2020,0.000000,56.000000,28.800000,1.000000,2.900000,297.800000,80.000000,18400.000000,0.000000
Thu Nov 5 15:10:30 GMT 2020,0.000000,96.000000,30.800000,1.000000,2.900000,297.800000,80.000000,18400.000000,0.000000
Thu Nov 5 15:10:30 GMT 2020,0.000000,100.000000,30.800000,1.000000,2.900000,297.800000,80.000000,18400.000000,0.000000
Thu Nov 5 15:10:30 GMT 2020,0.000000,100.000000,31.400000,1.000000,2.900000,297.800000,80.000000,18400.000000,0.000000
Thu Nov 5 15:10:31 GMT 2020,0.000000,104.000000,31.400000,1.000000,2.900000,297.800000,80.000000,18400.000000,0.000000
Thu Nov 5 15:10:31 GMT 2020,0.000000,104.000000,33.400000,1.000000,2.900000,297.800000,80.000000,18400.000000,0.000000
Thu Nov 5 15:10:31 GMT 2020,0.000000,104.000000,33.400000,1.000000,2.900000,297.800000,80.000000,18400.000000,0.000000
Thu Nov 5 15:10:31 GMT 2020,0.000000,110.000000,34.800000,1.000000,2.900000,297.800000,80.000000,18400.000000,0.000000
Thu Nov 5 15:10:31 GMT 2020,0.000000,110.000000,34.800000,1.000000,2.900000,297.800000,80.000000,18400.000000,0.000000
Thu Nov 5 15:10:31 GMT 2020,0.000000,110.000000,34.800000,1.000000,2.900000,297.800000,80.000000,18400.000000,0.000000
Thu Nov 5 15:10:31 GMT 2020,0.000000,110.000000,34.800000,1.000000,2.900000,297.800000,80.000000,18400.000000,0.000000
Thu Nov 5 15:10:31 GMT 2020,0.000000,110.000000,34.800000,1.000000,2.900000,297.800000,80.000000,18400.000000,0.000000
Thu Nov 5 15:10:31 GMT 2020,0.000000,110.000000,34.800000,1.000000,2.900000,297.800000,80.000000,18400.000000,0.000000
Thu Nov 5 15:10:31 GMT 2020,0.000000,110.000000,34.800000,1.000000,2.900000,297.800000,80.000000,18400.000000,0.000000
Thu Nov 5 15:10:32 GMT 2020,0.000000,110.000000,34.800000,1.000000,2.900000,297.800000,80.000000,18400.000000,0.000000
Thu Nov 5 15:10:32 GMT 2020,0.000000,110.000000,34.800000,1.000000,2.900000,297.800000,80.000000,18400.000000,0.000000
Thu Nov 5 15:10:32 GMT 2020,0.000000,110.000000,34.800000,1.000000,2.900000,297.800000,80.000000,18400.000000,0.000000
Thu Nov 5 15:10:32 GMT 2020,0.000000,110.000000,34.800000,1.000000,2.900000,297.800000,80.000000,18400.000000,0.000000
Thu Nov 5 15:10:32 GMT 2020,0.000000,110.000000,34.800000,1.000000,2.900000,297.800000,80.000000,18400.000000,0.000000
Thu Nov 5 15:10:32 GMT 2020,0.000000,110.000000,34.800000,1.000000,2.900000,297.800000,80.000000,18400.000000,0.000000
Thu Nov 5 15:10:32 GMT 2020,0.000000,110.000000,34.800000,1.000000,2.900000,297.800000,80.000000,18400.000000,0.000000
Thu Nov 5 15:10:32 GMT 2020,0.000000,110.000000,34.800000,1.000000,2.900000,297.800000,80.000000,18400.000000,0.000000
Thu Nov 5 15:10:32 GMT 2020,0.000000,110.000000,34.800000,1.000000,2.900000,297.800000,80.000000,18400.000000,0.000000
Thu Nov 5 15:10:32 GMT 2020,0.000000,110.000000,34.800000,1.000000,2.900000,297.800000,80.000000,18400.000000,0.000000
Thu Nov 5 15:10:33 GMT 2020,0.000000,110.000000,34.800000,1.000000,2.900000,297.800000,80.000000,18400.000000,0.000000
Thu Nov 5 15:10:33 GMT 2020,0.000000,110.000000,34.800000,1.000000,2.900000,297.800000,80.000000,18400.000000,0.000000
Thu Nov 5 15:10:33 GMT 2020,0.000000,110.000000,34.800000,1.000000,2.900000,297.800000,80.000000,18400.000000,0.000000
Thu Nov 5 15:10:33 GMT 2020,0.000000,110.000000,34.800000,1.000000,2.900000,297.800000,80.000000,18400.000000,0.000000
Thu Nov 5 15:10:33 GMT 2020,0.000000,110.000000,34.800000,1.000000,2.900000,297.800000,80.000000,18400.000000,0.000000
Thu Nov 5 15:10:33 GMT 2020,0.000000,110.000000,34.800000,1.000000,2.900000,297.800000,80.000000,18400.000000,0.000000
Thu Nov 5 15:10:33 GMT 2020,0.000000,110.000000,34.800000,1.000000,2.900000,297.800000,80.000000,18400.000000,0.000000
Thu Nov 5 15:10:33 GMT 2020,0.000000,110.000000,34.800000,1.000000,2.900000,297.800000,80.000000,18400.000000,0.000000
Thu Nov 5 15:10:33 GMT 2020,0.000000,110.000000,34.800000,1.000000,2.900000,297.800000,80.000000,18400.000000,0.000000
Thu Nov 5 15:10:33 GMT 2020,0.000000,110.000000,34.800000,1.000000,2.900000,297.800000,80.000000,18400.000000,0.000000
Thu Nov 5 15:10:34 GMT 2020,0.000000,110.000000,34.800000,1.000000,2.900000,297.800000,80.000000,18400.000000,0.000000
Thu Nov 5 15:10:34 GMT 2020,0.000000,110.000000,34.800000,1.000000,2.900000,297.800000,80.000000,18400.000000,0.000000
Thu Nov 5 15:10:34 GMT 2020,0.000000,110.000000,34.800000,1.000000,2.900000,297.800000,80.000000,18400.000000,0.000000
Thu Nov 5 15:10:34 GMT 2020,0.000000,110.000000,34.800000,1.000000,2.900000,297.800000,80.000000,18400.000000,0.000000
Thu Nov 5 15:10:34 GMT 2020,0.000000,110.000000,34.800000,1.000000,2.900000,297.800000,80.000000,18400.000000,0.000000
Thu Nov 5 15:10:34 GMT 2020,0.000000,110.000000,34.800000,1.000000,2.900000,297.800000,80.000000,18400.000000,0.000000
Thu Nov 5 15:10:34 GMT 2020,0.000000,110.000000,34.800000,1.000000,2.900000,297.800000,80.000000,18400.000000,0.000000
Thu Nov 5 15:10:34 GMT 2020,0.000000,149.000000,34.800000,1.000000,2.900000,297.800000,80.000000,18400.000000,0.000000
Thu Nov 5 15:10:34 GMT 2020,0.000000,149.000000,48.100000,1.000000,2.900000,297.800000,80.000000,18400.000000,0.000000
Thu Nov 5 15:10:34 GMT 2020,0.000000,149.000000,48.100000,1.000000,2.900000,297.800000,80.000000,18400.000000,0.000000
Thu Nov 5 15:10:35 GMT 2020,0.000000,149.000000,48.100000,1.000000,2.900000,297.800000,80.000000,18400.000000,0.000000
Thu Nov 5 15:10:35 GMT 2020,0.000000,149.000000,48.100000,1.000000,2.900000,297.800000,80.000000,18400.000000,0.000000
Thu Nov 5 15:10:35 GMT 2020,0.000000,149.000000,48.100000,1.000000,2.900000,297.800000,80.000000,18400.000000,0.000000
Thu Nov 5 15:10:35 GMT 2020,0.000000,149.000000,48.100000,1.000000,2.900000,297.800000,80.000000,18400.000000,0.000000
Thu Nov 5 15:10:35 GMT 2020,0.000000,149.000000,48.100000,1.000000,2.900000,297.800000,80.000000,18400.000000,0.000000
Thu Nov 5 15:10:35 GMT 2020,0.000000,149.000000,48.100000,1.000000,2.900000,297.800000,80.000000,18400.000000,0.000000
Thu Nov 5 15:10:35 GMT 2020,0.000000,149.000000,48.100000,1.000000,2.900000,297.800000,80.000000,18400.000000,0.000000
Thu Nov 5 15:10:35 GMT 2020,0.000000,149.000000,48.100000,1.000000,2.900000,297.800000,80.000000,18400.000000,0.000000
Thu Nov 5 15:10:35 GMT 2020,0.000000,149.000000,48.100000,1.000000,2.900000,297.800000,80.000000,18400.000000,0.000000
Thu Nov 5 15:10:35 GMT 2020,0.000000,149.000000,48.100000,1.000000,2.900000,297.800000,80.000000,18400.000000,0.000000
Thu Nov 5 15:10:36 GMT 2020,0.000000,149.000000,48.100000,1.000000,2.900000,297.800000,80.000000,18400.000000,0.000000
Thu Nov 5 15:10:36 GMT 2020,0.000000,149.000000,48.100000,1.000000,2.900000,297.800000,80.000000,18400.000000,0.000000
Thu Nov 5 15:10:36 GMT 2020,0.000000,149.000000,48.100000,1.000000,2.900000,297.800000,80.000000,18400.000000,0.000000
Thu Nov 5 15:10:36 GMT 2020,0.000000,149.000000,48.100000,1.000000,2.900000,297.800000,80.000000,18400.000000,0.000000
Thu Nov 5 15:10:36 GMT 2020,0.000000,149.000000,48.100000,1.000000,2.900000,297.800000,80.000000,18400.000000,0.000000
Thu Nov 5 15:10:36 GMT 2020,0.000000,149.000000,48.100000,1.000000,2.900000,297.800000,80.000000,18400.000000,0.000000
Thu Nov 5 15:10:36 GMT 2020,0.000000,149.000000,48.100000,1.000000,2.900000,297.800000,80.000000,18400.000000,0.000000
Thu Nov 5 15:10:36 GMT 2020,0.000000,149.000000,48.100000,1.000000,2.900000,297.800000,80.000000,18400.000000,0.000000
Thu Nov 5 15:10:36 GMT 2020,0.000000,149.000000,48.100000,1.000000,2.900000,297.800000,80.000000,18400.000000,0.000000
Thu Nov 5 15:10:36 GMT 2020,0.000000,149.000000,48.100000,1.000000,2.900000,297.800000,80.000000,18400.000000,0.000000
Thu Nov 5 15:10:37 GMT 2020,0.000000,149.000000,48.100000,1.000000,2.900000,297.800000,80.000000,18400.000000,0.000000
Thu Nov 5 15:10:37 GMT 2020,0.000000,149.000000,48.100000,1.000000,2.900000,297.800000,80.000000,18400.000000,0.000000
Thu Nov 5 15:10:37 GMT 2020,0.000000,149.000000,48.100000,1.000000,2.900000,297.800000,80.000000,18400.000000,0.000000
Thu Nov 5 15:10:37 GMT 2020,0.000000,149.000000,48.100000,1.000000,2.900000,297.800000,80.000000,18400.000000,0.000000
Thu Nov 5 15:10:37 GMT 2020,0.000000,149.000000,48.100000,1.000000,2.900000,297.800000,80.000000,18400.000000,0.000000
Thu Nov 5 15:10:37 GMT 2020,0.000000,149.000000,48.100000,1.000000,2.900000,297.800000,80.000000,18400.000000,0.000000
Thu Nov 5 15:10:37 GMT 2020,0.000000,149.000000,48.100000,1.000000,2.900000,297.800000,80.000000,18400.000000,0.000000
Thu Nov 5 15:10:37 GMT 2020,0.000000,149.000000,48.100000,1.000000,2.900000,297.800000,80.000000,18400.000000,0.000000
Thu Nov 5 15:10:37 GMT 2020,0.000000,149.000000,48.100000,1.000000,2.900000,297.800000,80.000000,18400.000000,0.000000
Thu Nov 5 15:10:37 GMT 2020,0.000000,149.000000,48.100000,1.000000,2.900000,297.800000,80.000000,18400.000000,0.000000
Thu Nov 5 15:10:38 GMT 2020,0.000000,149.000000,48.100000,1.000000,2.900000,297.800000,80.000000,18400.000000,0.000000
Thu Nov 5 15:10:38 GMT 2020,0.000000,149.000000,48.100000,1.000000,2.900000,297.800000,80.000000,18400.000000,0.000000
